stage_name,artifact_name,expected_path,exists,file_size_bytes,row_count,sha256,created_or_modified_time,source_file,can_regenerate,backup_required,backup_path,status,remark
GB50854_2024_stageB_docx_full,bill_item_reference_all_candidate.csv,construction_cost_knowledge_engine/data/private/reference_extraction/runs/GB50854_2024_stageB_docx_full/bill_item_reference_all_candidate.csv,true,658201,472,46a7a6554536982a165e5f6294e53593bcb9218568c9b98798783a0cc8e3d737,2026-07-05T20:23:36,房屋建筑与装饰工程工程量计算标准 GB_T 50854-2024.docx,true,true,construction_cost_knowledge_engine/data/private/reference_extraction/backups/runs_backup_after_gd2018_normalized_rebuild,rebuilt_from_docx,private artifact; not tracked by Git; row_count and sha256 recorded
GB50854_2024_stageB_docx_full,bill_context_rules_all.csv,construction_cost_knowledge_engine/data/private/reference_extraction/runs/GB50854_2024_stageB_docx_full/bill_context_rules_all.csv,true,110750,161,5ece594342f5ff7b3557f5504b923a0faddb36d38559167f703a95b788ed1f2e,2026-07-05T20:23:36,房屋建筑与装饰工程工程量计算标准 GB_T 50854-2024.docx,true,true,construction_cost_knowledge_engine/data/private/reference_extraction/backups/runs_backup_after_gd2018_normalized_rebuild,rebuilt_from_docx,private artifact; not tracked by Git; row_count and sha256 recorded
GB50854_2024_stageB_docx_full,bill_extraction_issues_all.csv,construction_cost_knowledge_engine/data/private/reference_extraction/runs/GB50854_2024_stageB_docx_full/bill_extraction_issues_all.csv,true,7797,33,fb2e5571021c07ff60e7461e0c8987abfcfab2cfff9a2106a887399f97d92418,2026-07-05T20:23:36,房屋建筑与装饰工程工程量计算标准 GB_T 50854-2024.docx,true,true,construction_cost_knowledge_engine/data/private/reference_extraction/backups/runs_backup_after_gd2018_normalized_rebuild,rebuilt_from_docx,private artifact; not tracked by Git; row_count and sha256 recorded
GB50854_2024_stageB_docx_full,bill_appendix_registry_all.csv,construction_cost_knowledge_engine/data/private/reference_extraction/runs/GB50854_2024_stageB_docx_full/bill_appendix_registry_all.csv,true,84802,192,113fd725062f634a8b04f3bbf7567e65a975ab2edc53a37a5aacd4f5929c619f,2026-07-05T20:23:36,房屋建筑与装饰工程工程量计算标准 GB_T 50854-2024.docx,true,true,construction_cost_knowledge_engine/data/private/reference_extraction/backups/runs_backup_after_gd2018_normalized_rebuild,rebuilt_from_docx,private artifact; not tracked by Git; row_count and sha256 recorded
GB50854_2024_stageB_docx_full,stageB_docx_full_report.md,construction_cost_knowledge_engine/data/private/reference_extraction/runs/GB50854_2024_stageB_docx_full/stageB_docx_full_report.md,true,5436,,0d363624a4546e3f606d8ea1dddfea7761903431169367ed1e34bf1674d51bf1,2026-07-05T20:23:36,房屋建筑与装饰工程工程量计算标准 GB_T 50854-2024.docx,true,true,construction_cost_knowledge_engine/data/private/reference_extraction/backups/runs_backup_after_gd2018_normalized_rebuild,rebuilt_from_docx,private artifact; not tracked by Git; row_count and sha256 recorded
GD2018_stage2R_A111_full,excel_contract_profile_GD2018_normalized.csv,construction_cost_knowledge_engine/data/private/reference_extraction/runs/GD2018_stage2R_A111_full/excel_contract_profile_GD2018_normalized.csv,true,4553,9,ac0ee373f3f84a79d25c5225150b6581b3836068ae536ccb14e42b72b3665507,2026-07-05T21:31:34,广东省房屋建筑与装饰工程综合定额2018_normalized.xlsx,true,true,construction_cost_knowledge_engine/data/private/reference_extraction/backups/runs_backup_after_gd2018_normalized_rebuild,rebuilt_from_normalized_excel,private artifact; not tracked by Git; row_count and sha256 recorded
GD2018_stage2R_A111_full,standard_cost_item_reference_A111_candidate.csv,construction_cost_knowledge_engine/data/private/reference_extraction/runs/GD2018_stage2R_A111_full/standard_cost_item_reference_A111_candidate.csv,true,98012,143,08fc750728fc7255bfb2f22e1817d49126189af90b23418cea95733ba7c68264,2026-07-05T21:31:34,广东省房屋建筑与装饰工程综合定额2018_normalized.xlsx,true,true,construction_cost_knowledge_engine/data/private/reference_extraction/backups/runs_backup_after_gd2018_normalized_rebuild,rebuilt_from_normalized_excel,private artifact; not tracked by Git; row_count and sha256 recorded
GD2018_stage2R_A111_full,reference_quota_pricing_snapshot_A111.csv,construction_cost_knowledge_engine/data/private/reference_extraction/runs/GD2018_stage2R_A111_full/reference_quota_pricing_snapshot_A111.csv,true,46899,143,fd61fcad2eb89e411870cb61ff376b0fb59a4627a93f87a5d6e31f5572012ed5,2026-07-05T21:31:34,广东省房屋建筑与装饰工程综合定额2018_normalized.xlsx,true,true,construction_cost_knowledge_engine/data/private/reference_extraction/backups/runs_backup_after_gd2018_normalized_rebuild,rebuilt_from_normalized_excel,private artifact; not tracked by Git; row_count and sha256 recorded
GD2018_stage2R_A111_full,raw_reference_excel_rows_A111.csv,construction_cost_knowledge_engine/data/private/reference_extraction/runs/GD2018_stage2R_A111_full/raw_reference_excel_rows_A111.csv,true,63901,143,ec9191e235b49c348e9b7ee4ae86586862309c76bd25ee6f8c4e72b6a9de625e,2026-07-05T21:31:34,广东省房屋建筑与装饰工程综合定额2018_normalized.xlsx,true,true,construction_cost_knowledge_engine/data/private/reference_extraction/backups/runs_backup_after_gd2018_normalized_rebuild,rebuilt_from_normalized_excel,private artifact; not tracked by Git; row_count and sha256 recorded
GD2018_stage2R_A111_full,gd2018_a111_extraction_issues.csv,construction_cost_knowledge_engine/data/private/reference_extraction/runs/GD2018_stage2R_A111_full/gd2018_a111_extraction_issues.csv,true,1983,9,bb82b3060388424ed102f3aee2ac2e01eb80c734c81433f0319ed6e51f2ba16e,2026-07-05T21:31:34,广东省房屋建筑与装饰工程综合定额2018_normalized.xlsx,true,true,construction_cost_knowledge_engine/data/private/reference_extraction/backups/runs_backup_after_gd2018_normalized_rebuild,rebuilt_from_normalized_excel,private artifact; not tracked by Git; row_count and sha256 recorded
GD2018_stage2R_A111_full,stage_gd2018_a111_full_report.md,construction_cost_knowledge_engine/data/private/reference_extraction/runs/GD2018_stage2R_A111_full/stage_gd2018_a111_full_report.md,true,4230,,4bda6cd1deee62064b0c904f579ea7b21de901796c72e4f8abc2dd42a216f8ae,2026-07-05T21:31:34,广东省房屋建筑与装饰工程综合定额2018_normalized.xlsx,true,true,construction_cost_knowledge_engine/data/private/reference_extraction/backups/runs_backup_after_gd2018_normalized_rebuild,rebuilt_from_normalized_excel,private artifact; not tracked by Git; row_count and sha256 recorded
MAP_A111_quota_to_bill_trial,quota_to_bill_mapping_A111_candidate.csv,construction_cost_knowledge_engine/data/private/reference_extraction/runs/MAP_A111_quota_to_bill_trial/quota_to_bill_mapping_A111_candidate.csv,true,119027,175,2ebf74c8ee92f6bf9f70c0cc9824699898846f0f4095eced841dae8eb25ae929,2026-07-05T21:32:44,GD2018 A111 + GB50854 Appendix A candidates,true,true,construction_cost_knowledge_engine/data/private/reference_extraction/backups/runs_backup_after_gd2018_normalized_rebuild,rebuilt_from_candidates,private artifact; not tracked by Git; row_count and sha256 recorded
MAP_A111_quota_to_bill_trial,quota_to_bill_mapping_A111_issues.csv,construction_cost_knowledge_engine/data/private/reference_extraction/runs/MAP_A111_quota_to_bill_trial/quota_to_bill_mapping_A111_issues.csv,true,57383,253,a30db57b2b39dbe9df4dd8a4ea25da89f934741fe1ddbf7c779376c59751095f,2026-07-05T21:32:44,GD2018 A111 + GB50854 Appendix A candidates,true,true,construction_cost_knowledge_engine/data/private/reference_extraction/backups/runs_backup_after_gd2018_normalized_rebuild,rebuilt_from_candidates,private artifact; not tracked by Git; row_count and sha256 recorded
MAP_A111_quota_to_bill_trial,quota_reference_A111_input_snapshot.csv,construction_cost_knowledge_engine/data/private/reference_extraction/runs/MAP_A111_quota_to_bill_trial/quota_reference_A111_input_snapshot.csv,true,24552,143,b2de62949b84aecb19f552ff3b353f12f4621d346a98889cc6bc668c6c78dcf6,2026-07-05T21:32:44,standard_cost_item_reference_A111_candidate.csv,true,true,construction_cost_knowledge_engine/data/private/reference_extraction/backups/runs_backup_after_gd2018_normalized_rebuild,rebuilt_from_candidates,private artifact; not tracked by Git; row_count and sha256 recorded
MAP_A111_quota_to_bill_trial,bill_reference_appendix_A_input_snapshot.csv,construction_cost_knowledge_engine/data/private/reference_extraction/runs/MAP_A111_quota_to_bill_trial/bill_reference_appendix_A_input_snapshot.csv,true,4251,12,563a1b3392d2bd0cf19cde0a99e2bf676c36081b5b0eb28d5b06c119f2116fda,2026-07-05T21:32:44,bill_item_reference_all_candidate.csv,true,true,construction_cost_knowledge_engine/data/private/reference_extraction/backups/runs_backup_after_gd2018_normalized_rebuild,rebuilt_from_candidates,private artifact; not tracked by Git; row_count and sha256 recorded
MAP_A111_quota_to_bill_trial,stage_map_A111_report.md,construction_cost_knowledge_engine/data/private/reference_extraction/runs/MAP_A111_quota_to_bill_trial/stage_map_A111_report.md,true,4054,,178637d40a0e429f64290e3a6d3a07eb49f4d4d7f0bdc507f0de54dc89b14ca2,2026-07-05T21:32:44,GD2018 A111 + GB50854 Appendix A candidates,true,true,construction_cost_knowledge_engine/data/private/reference_extraction/backups/runs_backup_after_gd2018_normalized_rebuild,rebuilt_from_candidates,private artifact; not tracked by Git; row_count and sha256 recorded
MAP_A111_manual_QA_pack,manual_qa_sample_A111.csv,construction_cost_knowledge_engine/data/private/reference_extraction/runs/MAP_A111_manual_QA_pack/manual_qa_sample_A111.csv,true,29781,40,dc34f64416b381e102827b6f3bf190ffa28556d3f719b47e8dde9d5063eecc8f,2026-07-05T21:49:36,quota_to_bill_mapping_A111_candidate.csv,true,true,construction_cost_knowledge_engine/data/private/reference_extraction/backups/runs_backup_after_MAP_A111_QA1,manual_qa_pack_generated,manual QA artifact; pending human review; no approved output
MAP_A111_manual_QA_pack,manual_qa_checklist_A111.md,construction_cost_knowledge_engine/data/private/reference_extraction/runs/MAP_A111_manual_QA_pack/manual_qa_checklist_A111.md,true,948,,df29f04dfeb733dbff77239ddc8ea883b8ad5bb4854877c3ad8184b696e03140,2026-07-05T21:49:36,quota_to_bill_mapping_A111_candidate.csv,true,true,construction_cost_knowledge_engine/data/private/reference_extraction/backups/runs_backup_after_MAP_A111_QA1,manual_qa_pack_generated,manual QA artifact; pending human review; no approved output
MAP_A111_manual_QA_pack,manual_qa_summary_A111.md,construction_cost_knowledge_engine/data/private/reference_extraction/runs/MAP_A111_manual_QA_pack/manual_qa_summary_A111.md,true,2711,,2ff469792408c0f7fffd35f97ee9ad586b2be02697d751fade6cded1b73f62fc,2026-07-05T21:49:36,quota_to_bill_mapping_A111_candidate.csv,true,true,construction_cost_knowledge_engine/data/private/reference_extraction/backups/runs_backup_after_MAP_A111_QA1,manual_qa_pack_generated,manual QA artifact; pending human review; no approved output
GD2018_stage2R_A1_full,raw_reference_excel_rows_A1.csv,construction_cost_knowledge_engine/data/private/reference_extraction/runs/GD2018_stage2R_A1_full/raw_reference_excel_rows_A1.csv,true,1650884,3712,b4d57bb29444baf34304a756e93e9f41528a579b95e00a353117f7abd22f2c1c,2026-07-06T09:27:28,广东省房屋建筑与装饰工程综合定额2018_normalized.xlsx,true,true,construction_cost_knowledge_engine/data/private/reference_extraction/backups/runs_backup_after_MAP_A1_FULL_0,generated,private readiness artifact; pending review; not approved
GD2018_stage2R_A1_full,standard_cost_item_reference_A1_candidate.csv,construction_cost_knowledge_engine/data/private/reference_extraction/runs/GD2018_stage2R_A1_full/standard_cost_item_reference_A1_candidate.csv,true,2803681,3712,a65745ba505bc88f16b7247c9ade151c182b7e5940f2749dcc4a83670ac744b0,2026-07-06T09:27:28,广东省房屋建筑与装饰工程综合定额2018_normalized.xlsx,true,true,construction_cost_knowledge_engine/data/private/reference_extraction/backups/runs_backup_after_MAP_A1_FULL_0,generated,private readiness artifact; pending review; not approved
GD2018_stage2R_A1_full,reference_quota_pricing_snapshot_A1.csv,construction_cost_knowledge_engine/data/private/reference_extraction/runs/GD2018_stage2R_A1_full/reference_quota_pricing_snapshot_A1.csv,true,1225072,3712,66bc02df18bbf2ed29297c59e12c7efba7493d3b304a18b8ae5ace2c968d9251,2026-07-06T09:27:28,广东省房屋建筑与装饰工程综合定额2018_normalized.xlsx,true,true,construction_cost_knowledge_engine/data/private/reference_extraction/backups/runs_backup_after_MAP_A1_FULL_0,generated,private readiness artifact; pending review; not approved
GD2018_stage2R_A1_full,gd2018_a1_extraction_issues.csv,construction_cost_knowledge_engine/data/private/reference_extraction/runs/GD2018_stage2R_A1_full/gd2018_a1_extraction_issues.csv,true,443,2,fd9ef78d1e198b081208fbd8544d4b44b606009e2b7023b665670243bcbbdb14,2026-07-06T09:27:28,广东省房屋建筑与装饰工程综合定额2018_normalized.xlsx,true,true,construction_cost_knowledge_engine/data/private/reference_extraction/backups/runs_backup_after_MAP_A1_FULL_0,generated,private readiness artifact; pending review; not approved
GD2018_stage2R_A1_full,gd2018_a1_section_inventory.csv,construction_cost_knowledge_engine/data/private/reference_extraction/runs/GD2018_stage2R_A1_full/gd2018_a1_section_inventory.csv,true,9079,25,5e72789b7e3498ebe9408b119818fd43d8213c6e667dc87a3297f385f6bbe230,2026-07-06T09:27:28,广东省房屋建筑与装饰工程综合定额2018_normalized.xlsx,true,true,construction_cost_knowledge_engine/data/private/reference_extraction/backups/runs_backup_after_MAP_A1_FULL_0,generated,private readiness artifact; pending review; not approved
GD2018_stage2R_A1_full,stage_gd2018_a1_full_report.md,construction_cost_knowledge_engine/data/private/reference_extraction/runs/GD2018_stage2R_A1_full/stage_gd2018_a1_full_report.md,true,3493,,9a9a5de42a998e0cf5eb1cbe7e7ced0cfd9e7c92a619af337f6bf93092adb7d9,2026-07-06T09:27:28,广东省房屋建筑与装饰工程综合定额2018_normalized.xlsx,true,true,construction_cost_knowledge_engine/data/private/reference_extraction/backups/runs_backup_after_MAP_A1_FULL_0,generated,private readiness artifact; pending review; not approved
MAP_A1_full_readiness,quota_reference_A1_input_snapshot.csv,construction_cost_knowledge_engine/data/private/reference_extraction/runs/MAP_A1_full_readiness/quota_reference_A1_input_snapshot.csv,true,771020,3712,a825b49f1911d175005ed8073f911ad57c1f596c285e9c668a540c7c83eab388,2026-07-06T09:37:42,standard_cost_item_reference_A1_candidate.csv,true,true,construction_cost_knowledge_engine/data/private/reference_extraction/backups/runs_backup_after_MAP_A1_FULL_0,generated,private readiness artifact; pending review; not approved
MAP_A1_full_readiness,bill_reference_all_input_snapshot.csv,construction_cost_knowledge_engine/data/private/reference_extraction/runs/MAP_A1_full_readiness/bill_reference_all_input_snapshot.csv,true,184288,472,306a0ba4c132c6e25ddad6f94915edfb6c57543b64c4a8264e1824ba5062ccf4,2026-07-06T09:37:42,bill_item_reference_all_candidate.csv,true,true,construction_cost_knowledge_engine/data/private/reference_extraction/backups/runs_backup_after_MAP_A1_FULL_0,generated,private readiness artifact; pending review; not approved
MAP_A1_full_readiness,quota_to_bill_mapping_A1_candidate.csv,construction_cost_knowledge_engine/data/private/reference_extraction/runs/MAP_A1_full_readiness/quota_to_bill_mapping_A1_candidate.csv,true,2580934,3712,8eb91a39fc0d46f9ffb2cfec13cc0610a84ef9562bface97e4e00ec75601c630,2026-07-06T09:37:42,A1 candidates + GB50854 full bill references,true,true,construction_cost_knowledge_engine/data/private/reference_extraction/backups/runs_backup_after_MAP_A1_FULL_0,generated,private readiness artifact; pending review; not approved
MAP_A1_full_readiness,quota_to_bill_mapping_A1_issues.csv,construction_cost_knowledge_engine/data/private/reference_extraction/runs/MAP_A1_full_readiness/quota_to_bill_mapping_A1_issues.csv,true,2065400,9935,660d59e8688a4ab8c1c9c84baa5e285b7b3744cebc08d955944020f4bea6902f,2026-07-06T09:37:42,A1 candidates + GB50854 full bill references,true,true,construction_cost_knowledge_engine/data/private/reference_extraction/backups/runs_backup_after_MAP_A1_FULL_0,generated,private readiness artifact; pending review; not approved
MAP_A1_full_readiness,mapping_coverage_matrix_A1.csv,construction_cost_knowledge_engine/data/private/reference_extraction/runs/MAP_A1_full_readiness/mapping_coverage_matrix_A1.csv,true,5157,25,3b6f2aa1a0a888e7ff3f492f1c531f046ef1660425c50c0eb59b325b27031242,2026-07-06T09:37:42,quota_to_bill_mapping_A1_candidate.csv,true,true,construction_cost_knowledge_engine/data/private/reference_extraction/backups/runs_backup_after_MAP_A1_FULL_0,generated,private readiness artifact; pending review; not approved
MAP_A1_full_readiness,mapping_readiness_dashboard_A1.csv,construction_cost_knowledge_engine/data/private/reference_extraction/runs/MAP_A1_full_readiness/mapping_readiness_dashboard_A1.csv,true,1604,16,093782096dca65f7d5692ee093215d6d2a79d1c6dd78784101e321f957b4c679,2026-07-06T09:37:42,quota_to_bill_mapping_A1_candidate.csv,true,true,construction_cost_knowledge_engine/data/private/reference_extraction/backups/runs_backup_after_MAP_A1_FULL_0,generated,private readiness artifact; pending review; not approved
MAP_A1_full_readiness,stage_map_A1_full_readiness_report.md,construction_cost_knowledge_engine/data/private/reference_extraction/runs/MAP_A1_full_readiness/stage_map_A1_full_readiness_report.md,true,4090,,4ed625157635c4fd2ebdad81252bd48938ce2e914206f776233816b698c4d9b1,2026-07-06T09:37:42,A1 readiness outputs,true,true,construction_cost_knowledge_engine/data/private/reference_extraction/backups/runs_backup_after_MAP_A1_FULL_0,generated,private readiness artifact; pending review; not approved
MAP_A1_bill_centric_review,bill_to_quota_coverage_472.csv,construction_cost_knowledge_engine/data/private/reference_extraction/runs/MAP_A1_bill_centric_review/bill_to_quota_coverage_472.csv,true,293225,472,63aed8f7950ded1f22480d0f0ad696ce00957ae8b2e4a4dd9bb026e033cede7a,2026-07-06T10:50:54,construction_cost_knowledge_engine/data/private/reference_extraction/runs/GB50854_2024_stageB_docx_full/bill_item_reference_all_candidate.csv;construction_cost_knowledge_engine/data/private/reference_extraction/runs/GD2018_stage2R_A1_full/standard_cost_item_reference_A1_candidate.csv;construction_cost_knowledge_engine/data/private/reference_extraction/runs/MAP_A1_full_readiness/quota_to_bill_mapping_A1_candidate.csv;construction_cost_knowledge_engine/data/private/reference_extraction/runs/MAP_A1_full_readiness/quota_to_bill_mapping_A1_issues.csv,true,true,construction_cost_knowledge_engine/data/private/reference_extraction/backups/runs_backup_after_MAP_A1_BILL_CENTRIC_1,generated,bill-centric pending review artifact; private artifact; not tracked by Git; no approved mappings
MAP_A1_bill_centric_review,bill_to_quota_detail_A1.csv,construction_cost_knowledge_engine/data/private/reference_extraction/runs/MAP_A1_bill_centric_review/bill_to_quota_detail_A1.csv,true,997060,2563,85aa6826697ac01af40497a4e3fa2e04bb4e1d67a62801edd1d4840bb9d8f50b,2026-07-06T10:50:54,construction_cost_knowledge_engine/data/private/reference_extraction/runs/GB50854_2024_stageB_docx_full/bill_item_reference_all_candidate.csv;construction_cost_knowledge_engine/data/private/reference_extraction/runs/GD2018_stage2R_A1_full/standard_cost_item_reference_A1_candidate.csv;construction_cost_knowledge_engine/data/private/reference_extraction/runs/MAP_A1_full_readiness/quota_to_bill_mapping_A1_candidate.csv;construction_cost_knowledge_engine/data/private/reference_extraction/runs/MAP_A1_full_readiness/quota_to_bill_mapping_A1_issues.csv,true,true,construction_cost_knowledge_engine/data/private/reference_extraction/backups/runs_backup_after_MAP_A1_BILL_CENTRIC_1,generated,bill-centric pending review artifact; private artifact; not tracked by Git; no approved mappings
MAP_A1_bill_centric_review,bill_coverage_summary_by_appendix.csv,construction_cost_knowledge_engine/data/private/reference_extraction/runs/MAP_A1_bill_centric_review/bill_coverage_summary_by_appendix.csv,true,2406,16,402169b169c5896ea069f6092af37257a63e716b86cb7a7a576bd6c60c7b542b,2026-07-06T10:50:54,construction_cost_knowledge_engine/data/private/reference_extraction/runs/GB50854_2024_stageB_docx_full/bill_item_reference_all_candidate.csv;construction_cost_knowledge_engine/data/private/reference_extraction/runs/GD2018_stage2R_A1_full/standard_cost_item_reference_A1_candidate.csv;construction_cost_knowledge_engine/data/private/reference_extraction/runs/MAP_A1_full_readiness/quota_to_bill_mapping_A1_candidate.csv;construction_cost_knowledge_engine/data/private/reference_extraction/runs/MAP_A1_full_readiness/quota_to_bill_mapping_A1_issues.csv,true,true,construction_cost_knowledge_engine/data/private/reference_extraction/backups/runs_backup_after_MAP_A1_BILL_CENTRIC_1,generated,bill-centric pending review artifact; private artifact; not tracked by Git; no approved mappings
MAP_A1_bill_centric_review,bill_centric_review_issues.csv,construction_cost_knowledge_engine/data/private/reference_extraction/runs/MAP_A1_bill_centric_review/bill_centric_review_issues.csv,true,156731,577,c0556ecf182f9cb4396b5e9f91ae5d04af6def5ef5eff99a0f34afc73d259533,2026-07-06T10:50:54,construction_cost_knowledge_engine/data/private/reference_extraction/runs/GB50854_2024_stageB_docx_full/bill_item_reference_all_candidate.csv;construction_cost_knowledge_engine/data/private/reference_extraction/runs/GD2018_stage2R_A1_full/standard_cost_item_reference_A1_candidate.csv;construction_cost_knowledge_engine/data/private/reference_extraction/runs/MAP_A1_full_readiness/quota_to_bill_mapping_A1_candidate.csv;construction_cost_knowledge_engine/data/private/reference_extraction/runs/MAP_A1_full_readiness/quota_to_bill_mapping_A1_issues.csv,true,true,construction_cost_knowledge_engine/data/private/reference_extraction/backups/runs_backup_after_MAP_A1_BILL_CENTRIC_1,generated,bill-centric pending review artifact; private artifact; not tracked by Git; no approved mappings
MAP_A1_bill_centric_review,stage_map_A1_bill_centric_review_report.md,construction_cost_knowledge_engine/data/private/reference_extraction/runs/MAP_A1_bill_centric_review/stage_map_A1_bill_centric_review_report.md,true,4797,,f2f9904dcf62de21eef9f40c2e98f29b19d70d587855180e041305be79113ab4,2026-07-06T10:50:54,construction_cost_knowledge_engine/data/private/reference_extraction/runs/GB50854_2024_stageB_docx_full/bill_item_reference_all_candidate.csv;construction_cost_knowledge_engine/data/private/reference_extraction/runs/GD2018_stage2R_A1_full/standard_cost_item_reference_A1_candidate.csv;construction_cost_knowledge_engine/data/private/reference_extraction/runs/MAP_A1_full_readiness/quota_to_bill_mapping_A1_candidate.csv;construction_cost_knowledge_engine/data/private/reference_extraction/runs/MAP_A1_full_readiness/quota_to_bill_mapping_A1_issues.csv,true,true,construction_cost_knowledge_engine/data/private/reference_extraction/backups/runs_backup_after_MAP_A1_BILL_CENTRIC_1,generated,bill-centric pending review artifact; private artifact; not tracked by Git; no approved mappings
SOURCE_BASELINE_LOCK_1,GB50854_2024_full_standard_parse_review.xlsx,construction_cost_knowledge_engine/data/private/reference_extraction/runs/SOURCE_BASELINE_LOCK_1/GB50854_2024_full_standard_parse_review/GB50854_2024_full_standard_parse_review.xlsx,true,579218,5693,78df03bb4fa23e19f2f7bc7e9bc9412636118579fa62e2f45ca299c95d2ea700,2026-07-06T11:41:14,construction_cost_knowledge_engine/data/private/reference_extraction/source_standards/房屋建筑与装饰工程工程量计算标准 GB_T 50854-2024.docx;construction_cost_knowledge_engine/data/private/reference_extraction/source_excels/广东省房屋建筑与装饰工程综合定额2018_normalized.xlsx,true,true,construction_cost_knowledge_engine/data/private/reference_extraction/backups/runs_backup_after_SOURCE_BASELINE_LOCK_1,generated,source baseline lock artifact; private artifact; pending human review; no approved data
SOURCE_BASELINE_LOCK_1,gb50854_bill_items_full_review.csv,construction_cost_knowledge_engine/data/private/reference_extraction/runs/SOURCE_BASELINE_LOCK_1/GB50854_2024_full_standard_parse_review/gb50854_bill_items_full_review.csv,true,658201,472,46a7a6554536982a165e5f6294e53593bcb9218568c9b98798783a0cc8e3d737,2026-07-06T11:41:10,construction_cost_knowledge_engine/data/private/reference_extraction/source_standards/房屋建筑与装饰工程工程量计算标准 GB_T 50854-2024.docx;construction_cost_knowledge_engine/data/private/reference_extraction/source_excels/广东省房屋建筑与装饰工程综合定额2018_normalized.xlsx,true,true,construction_cost_knowledge_engine/data/private/reference_extraction/backups/runs_backup_after_SOURCE_BASELINE_LOCK_1,generated,source baseline lock artifact; private artifact; pending human review; no approved data
SOURCE_BASELINE_LOCK_1,gb50854_context_rules_full_review.csv,construction_cost_knowledge_engine/data/private/reference_extraction/runs/SOURCE_BASELINE_LOCK_1/GB50854_2024_full_standard_parse_review/gb50854_context_rules_full_review.csv,true,113546,161,004347540907df1e10758cbb14c902afa0b5b1c85f59e044771f3113bbfd4a94,2026-07-06T11:41:10,construction_cost_knowledge_engine/data/private/reference_extraction/source_standards/房屋建筑与装饰工程工程量计算标准 GB_T 50854-2024.docx;construction_cost_knowledge_engine/data/private/reference_extraction/source_excels/广东省房屋建筑与装饰工程综合定额2018_normalized.xlsx,true,true,construction_cost_knowledge_engine/data/private/reference_extraction/backups/runs_backup_after_SOURCE_BASELINE_LOCK_1,generated,source baseline lock artifact; private artifact; pending human review; no approved data
SOURCE_BASELINE_LOCK_1,gb50854_appendix_table_registry_full.csv,construction_cost_knowledge_engine/data/private/reference_extraction/runs/SOURCE_BASELINE_LOCK_1/GB50854_2024_full_standard_parse_review/gb50854_appendix_table_registry_full.csv,true,84802,192,113fd725062f634a8b04f3bbf7567e65a975ab2edc53a37a5aacd4f5929c619f,2026-07-06T11:41:10,construction_cost_knowledge_engine/data/private/reference_extraction/source_standards/房屋建筑与装饰工程工程量计算标准 GB_T 50854-2024.docx;construction_cost_knowledge_engine/data/private/reference_extraction/source_excels/广东省房屋建筑与装饰工程综合定额2018_normalized.xlsx,true,true,construction_cost_knowledge_engine/data/private/reference_extraction/backups/runs_backup_after_SOURCE_BASELINE_LOCK_1,generated,source baseline lock artifact; private artifact; pending human review; no approved data
SOURCE_BASELINE_LOCK_1,gb50854_source_blocks_full.csv,construction_cost_knowledge_engine/data/private/reference_extraction/runs/SOURCE_BASELINE_LOCK_1/GB50854_2024_full_standard_parse_review/gb50854_source_blocks_full.csv,true,1570646,4821,fb3e168547706b8c694ab9fd5b74e6bb9015f80210d900904217cfeefea6f83d,2026-07-06T11:41:10,construction_cost_knowledge_engine/data/private/reference_extraction/source_standards/房屋建筑与装饰工程工程量计算标准 GB_T 50854-2024.docx;construction_cost_knowledge_engine/data/private/reference_extraction/source_excels/广东省房屋建筑与装饰工程综合定额2018_normalized.xlsx,true,true,construction_cost_knowledge_engine/data/private/reference_extraction/backups/runs_backup_after_SOURCE_BASELINE_LOCK_1,generated,source baseline lock artifact; private artifact; pending human review; no approved data
SOURCE_BASELINE_LOCK_1,gb50854_full_parse_issues.csv,construction_cost_knowledge_engine/data/private/reference_extraction/runs/SOURCE_BASELINE_LOCK_1/GB50854_2024_full_standard_parse_review/gb50854_full_parse_issues.csv,true,7797,33,fb2e5571021c07ff60e7461e0c8987abfcfab2cfff9a2106a887399f97d92418,2026-07-06T11:41:10,construction_cost_knowledge_engine/data/private/reference_extraction/source_standards/房屋建筑与装饰工程工程量计算标准 GB_T 50854-2024.docx;construction_cost_knowledge_engine/data/private/reference_extraction/source_excels/广东省房屋建筑与装饰工程综合定额2018_normalized.xlsx,true,true,construction_cost_knowledge_engine/data/private/reference_extraction/backups/runs_backup_after_SOURCE_BASELINE_LOCK_1,generated,source baseline lock artifact; private artifact; pending human review; no approved data
SOURCE_BASELINE_LOCK_1,gb50854_full_standard_parse_review_report.md,construction_cost_knowledge_engine/data/private/reference_extraction/runs/SOURCE_BASELINE_LOCK_1/GB50854_2024_full_standard_parse_review/gb50854_full_standard_parse_review_report.md,true,2292,,b6c99602b8ed8ba847df0de6b5699f221a812992649e1e53bea900797a8325ae,2026-07-06T11:41:14,construction_cost_knowledge_engine/data/private/reference_extraction/source_standards/房屋建筑与装饰工程工程量计算标准 GB_T 50854-2024.docx;construction_cost_knowledge_engine/data/private/reference_extraction/source_excels/广东省房屋建筑与装饰工程综合定额2018_normalized.xlsx,true,true,construction_cost_knowledge_engine/data/private/reference_extraction/backups/runs_backup_after_SOURCE_BASELINE_LOCK_1,generated,source baseline lock artifact; private artifact; pending human review; no approved data
SOURCE_BASELINE_LOCK_1,GD2018_normalized_full_quota_parse_review.xlsx,construction_cost_knowledge_engine/data/private/reference_extraction/runs/SOURCE_BASELINE_LOCK_1/GD2018_normalized_full_quota_parse_review/GD2018_normalized_full_quota_parse_review.xlsx,true,1578596,11188,bbe82e7e4c4073969b80d2d96aa08aeedf83222da4270f83be3ba0cf5f7dce64,2026-07-06T11:41:30,construction_cost_knowledge_engine/data/private/reference_extraction/source_standards/房屋建筑与装饰工程工程量计算标准 GB_T 50854-2024.docx;construction_cost_knowledge_engine/data/private/reference_extraction/source_excels/广东省房屋建筑与装饰工程综合定额2018_normalized.xlsx,true,true,construction_cost_knowledge_engine/data/private/reference_extraction/backups/runs_backup_after_SOURCE_BASELINE_LOCK_1,generated,source baseline lock artifact; private artifact; pending human review; no approved data
SOURCE_BASELINE_LOCK_1,gd2018_normalized_all_rows_review.csv,construction_cost_knowledge_engine/data/private/reference_extraction/runs/SOURCE_BASELINE_LOCK_1/GD2018_normalized_full_quota_parse_review/gd2018_normalized_all_rows_review.csv,true,1967782,3714,2784e59fa1b83a25776488f3a8fbae3a8bec7cb11b059428dcca3731409b46a5,2026-07-06T11:41:16,construction_cost_knowledge_engine/data/private/reference_extraction/source_standards/房屋建筑与装饰工程工程量计算标准 GB_T 50854-2024.docx;construction_cost_knowledge_engine/data/private/reference_extraction/source_excels/广东省房屋建筑与装饰工程综合定额2018_normalized.xlsx,true,true,construction_cost_knowledge_engine/data/private/reference_extraction/backups/runs_backup_after_SOURCE_BASELINE_LOCK_1,generated,source baseline lock artifact; private artifact; pending human review; no approved data
SOURCE_BASELINE_LOCK_1,gd2018_normalized_quota_items_full_review.csv,construction_cost_knowledge_engine/data/private/reference_extraction/runs/SOURCE_BASELINE_LOCK_1/GD2018_normalized_full_quota_parse_review/gd2018_normalized_quota_items_full_review.csv,true,2376245,3712,98873e7424be855f3594a4b70cc9e5fee06b7dd4f23028cefad163f039a1008c,2026-07-06T11:41:16,construction_cost_knowledge_engine/data/private/reference_extraction/source_standards/房屋建筑与装饰工程工程量计算标准 GB_T 50854-2024.docx;construction_cost_knowledge_engine/data/private/reference_extraction/source_excels/广东省房屋建筑与装饰工程综合定额2018_normalized.xlsx,true,true,construction_cost_knowledge_engine/data/private/reference_extraction/backups/runs_backup_after_SOURCE_BASELINE_LOCK_1,generated,source baseline lock artifact; private artifact; pending human review; no approved data
SOURCE_BASELINE_LOCK_1,gd2018_normalized_section_inventory_full.csv,construction_cost_knowledge_engine/data/private/reference_extraction/runs/SOURCE_BASELINE_LOCK_1/GD2018_normalized_full_quota_parse_review/gd2018_normalized_section_inventory_full.csv,true,9503,25,3f351b5a1e6839f7c7e08c1088d4415bfa6f0e34aea25cde70c788b311cfbb70,2026-07-06T11:41:16,construction_cost_knowledge_engine/data/private/reference_extraction/source_standards/房屋建筑与装饰工程工程量计算标准 GB_T 50854-2024.docx;construction_cost_knowledge_engine/data/private/reference_extraction/source_excels/广东省房屋建筑与装饰工程综合定额2018_normalized.xlsx,true,true,construction_cost_knowledge_engine/data/private/reference_extraction/backups/runs_backup_after_SOURCE_BASELINE_LOCK_1,generated,source baseline lock artifact; private artifact; pending human review; no approved data
SOURCE_BASELINE_LOCK_1,gd2018_normalized_pricing_fields_full_review.csv,construction_cost_knowledge_engine/data/private/reference_extraction/runs/SOURCE_BASELINE_LOCK_1/GD2018_normalized_full_quota_parse_review/gd2018_normalized_pricing_fields_full_review.csv,true,843777,3712,97c2cfde31c64d71ab939ca12cec3ab8f534ad0bfbaf8bddb24df36c736c21c2,2026-07-06T11:41:16,construction_cost_knowledge_engine/data/private/reference_extraction/source_standards/房屋建筑与装饰工程工程量计算标准 GB_T 50854-2024.docx;construction_cost_knowledge_engine/data/private/reference_extraction/source_excels/广东省房屋建筑与装饰工程综合定额2018_normalized.xlsx,true,true,construction_cost_knowledge_engine/data/private/reference_extraction/backups/runs_backup_after_SOURCE_BASELINE_LOCK_1,generated,source baseline lock artifact; private artifact; pending human review; no approved data
SOURCE_BASELINE_LOCK_1,gd2018_normalized_full_parse_issues.csv,construction_cost_knowledge_engine/data/private/reference_extraction/runs/SOURCE_BASELINE_LOCK_1/GD2018_normalized_full_quota_parse_review/gd2018_normalized_full_parse_issues.csv,true,2439,11,e8b3bcfc124625d8260352a593b2c4ab9ad140aa0fa5c2d251d2c9e4d5222c5e,2026-07-06T11:41:16,construction_cost_knowledge_engine/data/private/reference_extraction/source_standards/房屋建筑与装饰工程工程量计算标准 GB_T 50854-2024.docx;construction_cost_knowledge_engine/data/private/reference_extraction/source_excels/广东省房屋建筑与装饰工程综合定额2018_normalized.xlsx,true,true,construction_cost_knowledge_engine/data/private/reference_extraction/backups/runs_backup_after_SOURCE_BASELINE_LOCK_1,generated,source baseline lock artifact; private artifact; pending human review; no approved data
SOURCE_BASELINE_LOCK_1,gd2018_normalized_full_quota_parse_review_report.md,construction_cost_knowledge_engine/data/private/reference_extraction/runs/SOURCE_BASELINE_LOCK_1/GD2018_normalized_full_quota_parse_review/gd2018_normalized_full_quota_parse_review_report.md,true,2550,,40cae99c7523b6e74bfad1ba704301a659c041a28e2b3578b3d18d9c642680cb,2026-07-06T11:41:30,construction_cost_knowledge_engine/data/private/reference_extraction/source_standards/房屋建筑与装饰工程工程量计算标准 GB_T 50854-2024.docx;construction_cost_knowledge_engine/data/private/reference_extraction/source_excels/广东省房屋建筑与装饰工程综合定额2018_normalized.xlsx,true,true,construction_cost_knowledge_engine/data/private/reference_extraction/backups/runs_backup_after_SOURCE_BASELINE_LOCK_1,generated,source baseline lock artifact; private artifact; pending human review; no approved data
SOURCE_BASELINE_LOCK_1,source_baseline_lock_summary.md,construction_cost_knowledge_engine/data/private/reference_extraction/runs/SOURCE_BASELINE_LOCK_1/source_baseline_lock_summary.md,true,2162,,7bf1e50a4fe25f635cc23a549de0e8e52b60d9c83136c1ede6c4bc1cd0a269f9,2026-07-06T11:41:30,construction_cost_knowledge_engine/data/private/reference_extraction/source_standards/房屋建筑与装饰工程工程量计算标准 GB_T 50854-2024.docx;construction_cost_knowledge_engine/data/private/reference_extraction/source_excels/广东省房屋建筑与装饰工程综合定额2018_normalized.xlsx,true,true,construction_cost_knowledge_engine/data/private/reference_extraction/backups/runs_backup_after_SOURCE_BASELINE_LOCK_1,generated,source baseline lock artifact; private artifact; pending human review; no approved data
MAP_APPENDIX_A_TSF_PILOT_1,gb_appendix_A_bill_12_review.csv,construction_cost_knowledge_engine/data/private/reference_extraction/runs/MAP_APPENDIX_A_TSF_PILOT_1/gb_appendix_A_bill_12_review.csv,true,67377,12,b00bf32020ff78a19f00d806a879db4070e0d357b14752e22ba7747c893f0253,2026-07-06T15:24:34,construction_cost_knowledge_engine/data/private/reference_extraction/runs/SOURCE_BASELINE_LOCK_1/GB50854_2024_full_standard_parse_review/gb50854_bill_items_full_review.csv;construction_cost_knowledge_engine/data/private/reference_extraction/runs/SOURCE_BASELINE_LOCK_1/GD2018_normalized_full_quota_parse_review/gd2018_normalized_quota_items_full_review.csv,true,true,construction_cost_knowledge_engine/data/private/reference_extraction/backups/runs_backup_after_MAP_APPENDIX_A_TSF_PILOT_1,generated,Appendix A TSF pilot review artifact; private; pending human review; no approved mapping
MAP_APPENDIX_A_TSF_PILOT_1,gd_a111_quota_143_unit_normalized.csv,construction_cost_knowledge_engine/data/private/reference_extraction/runs/MAP_APPENDIX_A_TSF_PILOT_1/gd_a111_quota_143_unit_normalized.csv,true,62850,143,c9ccfa30c32642b03fa7615dbbb37a137c5cba16bc91cea2a0bd5e6c4be62947,2026-07-06T15:24:34,construction_cost_knowledge_engine/data/private/reference_extraction/runs/SOURCE_BASELINE_LOCK_1/GB50854_2024_full_standard_parse_review/gb50854_bill_items_full_review.csv;construction_cost_knowledge_engine/data/private/reference_extraction/runs/SOURCE_BASELINE_LOCK_1/GD2018_normalized_full_quota_parse_review/gd2018_normalized_quota_items_full_review.csv,true,true,construction_cost_knowledge_engine/data/private/reference_extraction/backups/runs_backup_after_MAP_APPENDIX_A_TSF_PILOT_1,generated,Appendix A TSF pilot review artifact; private; pending human review; no approved mapping
MAP_APPENDIX_A_TSF_PILOT_1,unit_normalization_dictionary_A111.csv,construction_cost_knowledge_engine/data/private/reference_extraction/runs/MAP_APPENDIX_A_TSF_PILOT_1/unit_normalization_dictionary_A111.csv,true,1429,13,ef9fada4795052e29644dd7436187b8d66a14644e7fefcd8c44cf557c4194b82,2026-07-06T15:24:34,construction_cost_knowledge_engine/data/private/reference_extraction/runs/SOURCE_BASELINE_LOCK_1/GB50854_2024_full_standard_parse_review/gb50854_bill_items_full_review.csv;construction_cost_knowledge_engine/data/private/reference_extraction/runs/SOURCE_BASELINE_LOCK_1/GD2018_normalized_full_quota_parse_review/gd2018_normalized_quota_items_full_review.csv,true,true,construction_cost_knowledge_engine/data/private/reference_extraction/backups/runs_backup_after_MAP_APPENDIX_A_TSF_PILOT_1,generated,Appendix A TSF pilot review artifact; private; pending human review; no approved mapping
MAP_APPENDIX_A_TSF_PILOT_1,bill_to_quota_matrix_appendix_A_12.csv,construction_cost_knowledge_engine/data/private/reference_extraction/runs/MAP_APPENDIX_A_TSF_PILOT_1/bill_to_quota_matrix_appendix_A_12.csv,true,69517,12,04b7b378a56d45642fa3792cb3fc12435ec847029a5080d5029e116f7db34f46,2026-07-06T15:24:34,construction_cost_knowledge_engine/data/private/reference_extraction/runs/SOURCE_BASELINE_LOCK_1/GB50854_2024_full_standard_parse_review/gb50854_bill_items_full_review.csv;construction_cost_knowledge_engine/data/private/reference_extraction/runs/SOURCE_BASELINE_LOCK_1/GD2018_normalized_full_quota_parse_review/gd2018_normalized_quota_items_full_review.csv,true,true,construction_cost_knowledge_engine/data/private/reference_extraction/backups/runs_backup_after_MAP_APPENDIX_A_TSF_PILOT_1,generated,Appendix A TSF pilot review artifact; private; pending human review; no approved mapping
MAP_APPENDIX_A_TSF_PILOT_1,bill_to_quota_detail_appendix_A.csv,construction_cost_knowledge_engine/data/private/reference_extraction/runs/MAP_APPENDIX_A_TSF_PILOT_1/bill_to_quota_detail_appendix_A.csv,true,111531,177,f8924d325e34bb6d8c84296f4ebab755d1b313f29040a0d657c416804ff7553f,2026-07-06T15:24:34,construction_cost_knowledge_engine/data/private/reference_extraction/runs/SOURCE_BASELINE_LOCK_1/GB50854_2024_full_standard_parse_review/gb50854_bill_items_full_review.csv;construction_cost_knowledge_engine/data/private/reference_extraction/runs/SOURCE_BASELINE_LOCK_1/GD2018_normalized_full_quota_parse_review/gd2018_normalized_quota_items_full_review.csv,true,true,construction_cost_knowledge_engine/data/private/reference_extraction/backups/runs_backup_after_MAP_APPENDIX_A_TSF_PILOT_1,generated,Appendix A TSF pilot review artifact; private; pending human review; no approved mapping
MAP_APPENDIX_A_TSF_PILOT_1,mapping_issues_appendix_A.csv,construction_cost_knowledge_engine/data/private/reference_extraction/runs/MAP_APPENDIX_A_TSF_PILOT_1/mapping_issues_appendix_A.csv,true,75839,267,0471408d8ee716cf15e2a0f44a9d5fd5866f7cd6281726e63810c10c2db20a8e,2026-07-06T15:24:34,construction_cost_knowledge_engine/data/private/reference_extraction/runs/SOURCE_BASELINE_LOCK_1/GB50854_2024_full_standard_parse_review/gb50854_bill_items_full_review.csv;construction_cost_knowledge_engine/data/private/reference_extraction/runs/SOURCE_BASELINE_LOCK_1/GD2018_normalized_full_quota_parse_review/gd2018_normalized_quota_items_full_review.csv,true,true,construction_cost_knowledge_engine/data/private/reference_extraction/backups/runs_backup_after_MAP_APPENDIX_A_TSF_PILOT_1,generated,Appendix A TSF pilot review artifact; private; pending human review; no approved mapping
MAP_APPENDIX_A_TSF_PILOT_1,human_review_checklist_appendix_A.md,construction_cost_knowledge_engine/data/private/reference_extraction/runs/MAP_APPENDIX_A_TSF_PILOT_1/human_review_checklist_appendix_A.md,true,2096,,bf503bb7bc442ae080f4a6a0625c2ad76c3529d71f479f466ca6331a2935a0bd,2026-07-06T15:24:34,construction_cost_knowledge_engine/data/private/reference_extraction/runs/SOURCE_BASELINE_LOCK_1/GB50854_2024_full_standard_parse_review/gb50854_bill_items_full_review.csv;construction_cost_knowledge_engine/data/private/reference_extraction/runs/SOURCE_BASELINE_LOCK_1/GD2018_normalized_full_quota_parse_review/gd2018_normalized_quota_items_full_review.csv,true,true,construction_cost_knowledge_engine/data/private/reference_extraction/backups/runs_backup_after_MAP_APPENDIX_A_TSF_PILOT_1,generated,Appendix A TSF pilot review artifact; private; pending human review; no approved mapping
MAP_APPENDIX_A_TSF_PILOT_1,stage_map_appendix_A_tsf_pilot_report.md,construction_cost_knowledge_engine/data/private/reference_extraction/runs/MAP_APPENDIX_A_TSF_PILOT_1/stage_map_appendix_A_tsf_pilot_report.md,true,3052,,2ec00198affc1a5f0141f56083a53c08ed0db774e0cac179994cacba9212977d,2026-07-06T15:24:34,construction_cost_knowledge_engine/data/private/reference_extraction/runs/SOURCE_BASELINE_LOCK_1/GB50854_2024_full_standard_parse_review/gb50854_bill_items_full_review.csv;construction_cost_knowledge_engine/data/private/reference_extraction/runs/SOURCE_BASELINE_LOCK_1/GD2018_normalized_full_quota_parse_review/gd2018_normalized_quota_items_full_review.csv,true,true,construction_cost_knowledge_engine/data/private/reference_extraction/backups/runs_backup_after_MAP_APPENDIX_A_TSF_PILOT_1,generated,Appendix A TSF pilot review artifact; private; pending human review; no approved mapping
MAP_APPENDIX_A_TSF_PILOT_1,Appendix_A_TSF_mapping_pilot_review.xlsx,construction_cost_knowledge_engine/data/private/reference_extraction/runs/MAP_APPENDIX_A_TSF_PILOT_1/Appendix_A_TSF_mapping_pilot_review.xlsx,true,79775,633,d645cbfc4563fcc3021c024b649a4251bc5505208dda75c537c2b4056f0b0bff,2026-07-06T15:24:34,construction_cost_knowledge_engine/data/private/reference_extraction/runs/SOURCE_BASELINE_LOCK_1/GB50854_2024_full_standard_parse_review/gb50854_bill_items_full_review.csv;construction_cost_knowledge_engine/data/private/reference_extraction/runs/SOURCE_BASELINE_LOCK_1/GD2018_normalized_full_quota_parse_review/gd2018_normalized_quota_items_full_review.csv,true,true,construction_cost_knowledge_engine/data/private/reference_extraction/backups/runs_backup_after_MAP_APPENDIX_A_TSF_PILOT_1,generated,Appendix A TSF pilot review artifact; private; pending human review; no approved mapping
MAP_REPRESENTATIVE_GOVERNANCE_CALIBRATION_1,representative_bill_scope_48.csv,construction_cost_knowledge_engine/data/private/reference_extraction/runs/MAP_REPRESENTATIVE_GOVERNANCE_CALIBRATION_1/representative_bill_scope_48.csv,true,27586,48,c00760bdb7484585035f9c3440dbf43f923d2533e7c6520fb485a5839b032358,2026-07-06T17:16:24,construction_cost_knowledge_engine/data/private/reference_extraction/runs/SOURCE_BASELINE_LOCK_1/GB50854_2024_full_standard_parse_review/gb50854_bill_items_full_review.csv;construction_cost_knowledge_engine/data/private/reference_extraction/runs/SOURCE_BASELINE_LOCK_1/GD2018_normalized_full_quota_parse_review/gd2018_normalized_quota_items_full_review.csv,true,true,construction_cost_knowledge_engine/data/private/reference_extraction/backups/runs_backup_after_MAP_REPRESENTATIVE_GOVERNANCE_CALIBRATION_1,generated,representative governance calibration artifact; pending review; no approved mapping
MAP_REPRESENTATIVE_GOVERNANCE_CALIBRATION_1,representative_bill_selection_rationale.csv,construction_cost_knowledge_engine/data/private/reference_extraction/runs/MAP_REPRESENTATIVE_GOVERNANCE_CALIBRATION_1/representative_bill_selection_rationale.csv,true,1976,7,3f3849c0a981efccad5b104b49c8464d607dbb6936488e7b84bc33917ad218df,2026-07-06T17:16:24,construction_cost_knowledge_engine/data/private/reference_extraction/runs/SOURCE_BASELINE_LOCK_1/GB50854_2024_full_standard_parse_review/gb50854_bill_items_full_review.csv;construction_cost_knowledge_engine/data/private/reference_extraction/runs/SOURCE_BASELINE_LOCK_1/GD2018_normalized_full_quota_parse_review/gd2018_normalized_quota_items_full_review.csv,true,true,construction_cost_knowledge_engine/data/private/reference_extraction/backups/runs_backup_after_MAP_REPRESENTATIVE_GOVERNANCE_CALIBRATION_1,generated,representative governance calibration artifact; pending review; no approved mapping
MAP_REPRESENTATIVE_GOVERNANCE_CALIBRATION_1,representative_bill_to_quota_matrix.csv,construction_cost_knowledge_engine/data/private/reference_extraction/runs/MAP_REPRESENTATIVE_GOVERNANCE_CALIBRATION_1/representative_bill_to_quota_matrix.csv,true,40181,48,fef3bc1751570e3614045ad8cc4c230c030e2a6dc0b2114ac72c8184131f3aff,2026-07-06T17:16:24,construction_cost_knowledge_engine/data/private/reference_extraction/runs/SOURCE_BASELINE_LOCK_1/GB50854_2024_full_standard_parse_review/gb50854_bill_items_full_review.csv;construction_cost_knowledge_engine/data/private/reference_extraction/runs/SOURCE_BASELINE_LOCK_1/GD2018_normalized_full_quota_parse_review/gd2018_normalized_quota_items_full_review.csv,true,true,construction_cost_knowledge_engine/data/private/reference_extraction/backups/runs_backup_after_MAP_REPRESENTATIVE_GOVERNANCE_CALIBRATION_1,generated,representative governance calibration artifact; pending review; no approved mapping
MAP_REPRESENTATIVE_GOVERNANCE_CALIBRATION_1,representative_bill_to_quota_detail.csv,construction_cost_knowledge_engine/data/private/reference_extraction/runs/MAP_REPRESENTATIVE_GOVERNANCE_CALIBRATION_1/representative_bill_to_quota_detail.csv,true,425123,495,9c42f60f6e604d6a6792b13dbb9b86466fb59132b053a74bd0c999dfaf31e117,2026-07-06T17:16:24,construction_cost_knowledge_engine/data/private/reference_extraction/runs/SOURCE_BASELINE_LOCK_1/GB50854_2024_full_standard_parse_review/gb50854_bill_items_full_review.csv;construction_cost_knowledge_engine/data/private/reference_extraction/runs/SOURCE_BASELINE_LOCK_1/GD2018_normalized_full_quota_parse_review/gd2018_normalized_quota_items_full_review.csv,true,true,construction_cost_knowledge_engine/data/private/reference_extraction/backups/runs_backup_after_MAP_REPRESENTATIVE_GOVERNANCE_CALIBRATION_1,generated,representative governance calibration artifact; pending review; no approved mapping
MAP_REPRESENTATIVE_GOVERNANCE_CALIBRATION_1,representative_shared_quota_components.csv,construction_cost_knowledge_engine/data/private/reference_extraction/runs/MAP_REPRESENTATIVE_GOVERNANCE_CALIBRATION_1/representative_shared_quota_components.csv,true,52944,114,1feacae393040c86b34555b7b1abac57032ae15241238b692641f19fc30f25a2,2026-07-06T17:16:24,construction_cost_knowledge_engine/data/private/reference_extraction/runs/SOURCE_BASELINE_LOCK_1/GB50854_2024_full_standard_parse_review/gb50854_bill_items_full_review.csv;construction_cost_knowledge_engine/data/private/reference_extraction/runs/SOURCE_BASELINE_LOCK_1/GD2018_normalized_full_quota_parse_review/gd2018_normalized_quota_items_full_review.csv,true,true,construction_cost_knowledge_engine/data/private/reference_extraction/backups/runs_backup_after_MAP_REPRESENTATIVE_GOVERNANCE_CALIBRATION_1,generated,representative governance calibration artifact; pending review; no approved mapping
MAP_REPRESENTATIVE_GOVERNANCE_CALIBRATION_1,representative_mapping_issues.csv,construction_cost_knowledge_engine/data/private/reference_extraction/runs/MAP_REPRESENTATIVE_GOVERNANCE_CALIBRATION_1/representative_mapping_issues.csv,true,290589,866,e8b500a46c3e811fc4e4897e3b0c6d5fff229e61ae96576f95e9662ce23961d2,2026-07-06T17:16:24,construction_cost_knowledge_engine/data/private/reference_extraction/runs/SOURCE_BASELINE_LOCK_1/GB50854_2024_full_standard_parse_review/gb50854_bill_items_full_review.csv;construction_cost_knowledge_engine/data/private/reference_extraction/runs/SOURCE_BASELINE_LOCK_1/GD2018_normalized_full_quota_parse_review/gd2018_normalized_quota_items_full_review.csv,true,true,construction_cost_knowledge_engine/data/private/reference_extraction/backups/runs_backup_after_MAP_REPRESENTATIVE_GOVERNANCE_CALIBRATION_1,generated,representative governance calibration artifact; pending review; no approved mapping
MAP_REPRESENTATIVE_GOVERNANCE_CALIBRATION_1,representative_governance_rules_v0_2.md,construction_cost_knowledge_engine/data/private/reference_extraction/runs/MAP_REPRESENTATIVE_GOVERNANCE_CALIBRATION_1/representative_governance_rules_v0_2.md,true,1943,,29381ade550f013343d26df4a29e14db64070488818f5ca8b209a94aa6f9aa7f,2026-07-06T17:16:24,construction_cost_knowledge_engine/data/private/reference_extraction/runs/SOURCE_BASELINE_LOCK_1/GB50854_2024_full_standard_parse_review/gb50854_bill_items_full_review.csv;construction_cost_knowledge_engine/data/private/reference_extraction/runs/SOURCE_BASELINE_LOCK_1/GD2018_normalized_full_quota_parse_review/gd2018_normalized_quota_items_full_review.csv,true,true,construction_cost_knowledge_engine/data/private/reference_extraction/backups/runs_backup_after_MAP_REPRESENTATIVE_GOVERNANCE_CALIBRATION_1,generated,representative governance calibration artifact; pending review; no approved mapping
MAP_REPRESENTATIVE_GOVERNANCE_CALIBRATION_1,cost_engineer_review_sheet.csv,construction_cost_knowledge_engine/data/private/reference_extraction/runs/MAP_REPRESENTATIVE_GOVERNANCE_CALIBRATION_1/cost_engineer_review_sheet.csv,true,33949,48,f12eb3e1c78c6c46509660948185694d6bc8b9f68d2d42612583352a95f1c64d,2026-07-06T17:16:24,construction_cost_knowledge_engine/data/private/reference_extraction/runs/SOURCE_BASELINE_LOCK_1/GB50854_2024_full_standard_parse_review/gb50854_bill_items_full_review.csv;construction_cost_knowledge_engine/data/private/reference_extraction/runs/SOURCE_BASELINE_LOCK_1/GD2018_normalized_full_quota_parse_review/gd2018_normalized_quota_items_full_review.csv,true,true,construction_cost_knowledge_engine/data/private/reference_extraction/backups/runs_backup_after_MAP_REPRESENTATIVE_GOVERNANCE_CALIBRATION_1,generated,representative governance calibration artifact; pending review; no approved mapping
MAP_REPRESENTATIVE_GOVERNANCE_CALIBRATION_1,Representative_Mapping_Governance_Calibration_Review.xlsx,construction_cost_knowledge_engine/data/private/reference_extraction/runs/MAP_REPRESENTATIVE_GOVERNANCE_CALIBRATION_1/Representative_Mapping_Governance_Calibration_Review.xlsx,true,183653,1633,bd3eb11eadc24c1f323e182d140573e323da2eedd14cd643de9811f69fae18a6,2026-07-06T17:16:26,construction_cost_knowledge_engine/data/private/reference_extraction/runs/SOURCE_BASELINE_LOCK_1/GB50854_2024_full_standard_parse_review/gb50854_bill_items_full_review.csv;construction_cost_knowledge_engine/data/private/reference_extraction/runs/SOURCE_BASELINE_LOCK_1/GD2018_normalized_full_quota_parse_review/gd2018_normalized_quota_items_full_review.csv,true,true,construction_cost_knowledge_engine/data/private/reference_extraction/backups/runs_backup_after_MAP_REPRESENTATIVE_GOVERNANCE_CALIBRATION_1,generated,representative governance calibration artifact; pending review; no approved mapping
MAP_REPRESENTATIVE_GOVERNANCE_CALIBRATION_1,stage_map_representative_governance_calibration_report.md,construction_cost_knowledge_engine/data/private/reference_extraction/runs/MAP_REPRESENTATIVE_GOVERNANCE_CALIBRATION_1/stage_map_representative_governance_calibration_report.md,true,2842,,0d60baeb614d4712ce81791de81764f48e4ee085890fc69f7a0d14114e8cc71b,2026-07-06T17:16:24,construction_cost_knowledge_engine/data/private/reference_extraction/runs/SOURCE_BASELINE_LOCK_1/GB50854_2024_full_standard_parse_review/gb50854_bill_items_full_review.csv;construction_cost_knowledge_engine/data/private/reference_extraction/runs/SOURCE_BASELINE_LOCK_1/GD2018_normalized_full_quota_parse_review/gd2018_normalized_quota_items_full_review.csv,true,true,construction_cost_knowledge_engine/data/private/reference_extraction/backups/runs_backup_after_MAP_REPRESENTATIVE_GOVERNANCE_CALIBRATION_1,generated,representative governance calibration artifact; pending review; no approved mapping
MAP_FULL_GOVERNANCE_REFERENCE_1,full_bill_to_quota_matrix_472.csv,construction_cost_knowledge_engine/data/private/reference_extraction/runs/MAP_FULL_GOVERNANCE_REFERENCE_1/full_bill_to_quota_matrix_472.csv,true,405932,3025,7be194bb2aa0c00adbb8342ae00626585a52f68cd5f3c7d3659718eb4156d877,2026-07-06T20:17:26,construction_cost_knowledge_engine/data/private/reference_extraction/runs/SOURCE_BASELINE_LOCK_1/GB50854_2024_full_standard_parse_review/gb50854_bill_items_full_review.csv;construction_cost_knowledge_engine/data/private/reference_extraction/runs/SOURCE_BASELINE_LOCK_1/GD2018_normalized_full_quota_parse_review/gd2018_normalized_quota_items_full_review.csv,true,true,construction_cost_knowledge_engine/data/private/reference_extraction/backups/runs_backup_after_MAP_FULL_GOVERNANCE_REFERENCE_1,generated,pending governance reference only; not approved and not source of truth for enterprise prices
MAP_FULL_GOVERNANCE_REFERENCE_1,full_bill_to_quota_detail_reference.csv,construction_cost_knowledge_engine/data/private/reference_extraction/runs/MAP_FULL_GOVERNANCE_REFERENCE_1/full_bill_to_quota_detail_reference.csv,true,15312099,107142,92cc013d677ebad40d974103a371a877b5d81d0e9b88c6ce3bf29cdc4464097a,2026-07-06T20:17:26,construction_cost_knowledge_engine/data/private/reference_extraction/runs/SOURCE_BASELINE_LOCK_1/GB50854_2024_full_standard_parse_review/gb50854_bill_items_full_review.csv;construction_cost_knowledge_engine/data/private/reference_extraction/runs/SOURCE_BASELINE_LOCK_1/GD2018_normalized_full_quota_parse_review/gd2018_normalized_quota_items_full_review.csv,true,true,construction_cost_knowledge_engine/data/private/reference_extraction/backups/runs_backup_after_MAP_FULL_GOVERNANCE_REFERENCE_1,generated,pending governance reference only; not approved and not source of truth for enterprise prices
MAP_FULL_GOVERNANCE_REFERENCE_1,full_quota_to_bill_routing_3712.csv,construction_cost_knowledge_engine/data/private/reference_extraction/runs/MAP_FULL_GOVERNANCE_REFERENCE_1/full_quota_to_bill_routing_3712.csv,true,1861079,4196,722bc6a21c2478591a46e62aa99987b97731942dceaf565f9a61b5c92752a5d9,2026-07-06T20:17:26,construction_cost_knowledge_engine/data/private/reference_extraction/runs/SOURCE_BASELINE_LOCK_1/GB50854_2024_full_standard_parse_review/gb50854_bill_items_full_review.csv;construction_cost_knowledge_engine/data/private/reference_extraction/runs/SOURCE_BASELINE_LOCK_1/GD2018_normalized_full_quota_parse_review/gd2018_normalized_quota_items_full_review.csv,true,true,construction_cost_knowledge_engine/data/private/reference_extraction/backups/runs_backup_after_MAP_FULL_GOVERNANCE_REFERENCE_1,generated,pending governance reference only; not approved and not source of truth for enterprise prices
MAP_FULL_GOVERNANCE_REFERENCE_1,full_shared_quota_components.csv,construction_cost_knowledge_engine/data/private/reference_extraction/runs/MAP_FULL_GOVERNANCE_REFERENCE_1/full_shared_quota_components.csv,true,1042931,1882,89f2ac9373dd5e393fc8790401cc1cfdf790cf00a488a885660ce3b1f3e10307,2026-07-06T20:17:26,construction_cost_knowledge_engine/data/private/reference_extraction/runs/SOURCE_BASELINE_LOCK_1/GB50854_2024_full_standard_parse_review/gb50854_bill_items_full_review.csv;construction_cost_knowledge_engine/data/private/reference_extraction/runs/SOURCE_BASELINE_LOCK_1/GD2018_normalized_full_quota_parse_review/gd2018_normalized_quota_items_full_review.csv,true,true,construction_cost_knowledge_engine/data/private/reference_extraction/backups/runs_backup_after_MAP_FULL_GOVERNANCE_REFERENCE_1,generated,pending governance reference only; not approved and not source of truth for enterprise prices
MAP_FULL_GOVERNANCE_REFERENCE_1,full_mapping_issues.csv,construction_cost_knowledge_engine/data/private/reference_extraction/runs/MAP_FULL_GOVERNANCE_REFERENCE_1/full_mapping_issues.csv,true,1625655,6471,aceac101c2724cd4be7ad5706c1b441e898038e6e5013df866f0e2c7ff441aaf,2026-07-06T20:17:26,construction_cost_knowledge_engine/data/private/reference_extraction/runs/SOURCE_BASELINE_LOCK_1/GB50854_2024_full_standard_parse_review/gb50854_bill_items_full_review.csv;construction_cost_knowledge_engine/data/private/reference_extraction/runs/SOURCE_BASELINE_LOCK_1/GD2018_normalized_full_quota_parse_review/gd2018_normalized_quota_items_full_review.csv,true,true,construction_cost_knowledge_engine/data/private/reference_extraction/backups/runs_backup_after_MAP_FULL_GOVERNANCE_REFERENCE_1,generated,pending governance reference only; not approved and not source of truth for enterprise prices
MAP_FULL_GOVERNANCE_REFERENCE_1,full_mapping_governance_dashboard.csv,construction_cost_knowledge_engine/data/private/reference_extraction/runs/MAP_FULL_GOVERNANCE_REFERENCE_1/full_mapping_governance_dashboard.csv,true,993,17,dc5c4128f219d6d8315378fca38d521e439aa214d548c31ef1ba8a927bc64903,2026-07-06T20:17:26,construction_cost_knowledge_engine/data/private/reference_extraction/runs/SOURCE_BASELINE_LOCK_1/GB50854_2024_full_standard_parse_review/gb50854_bill_items_full_review.csv;construction_cost_knowledge_engine/data/private/reference_extraction/runs/SOURCE_BASELINE_LOCK_1/GD2018_normalized_full_quota_parse_review/gd2018_normalized_quota_items_full_review.csv,true,true,construction_cost_knowledge_engine/data/private/reference_extraction/backups/runs_backup_after_MAP_FULL_GOVERNANCE_REFERENCE_1,generated,pending governance reference only; not approved and not source of truth for enterprise prices
MAP_FULL_GOVERNANCE_REFERENCE_1,Full_Mapping_Governance_Reference_Review.xlsx,construction_cost_knowledge_engine/data/private/reference_extraction/runs/MAP_FULL_GOVERNANCE_REFERENCE_1/Full_Mapping_Governance_Reference_Review.xlsx,true,2807183,28005,77b6962009204caa6ac2b87199dad711b99715d91c67d055bb67adc789169429,2026-07-06T20:18:12,construction_cost_knowledge_engine/data/private/reference_extraction/runs/SOURCE_BASELINE_LOCK_1/GB50854_2024_full_standard_parse_review/gb50854_bill_items_full_review.csv;construction_cost_knowledge_engine/data/private/reference_extraction/runs/SOURCE_BASELINE_LOCK_1/GD2018_normalized_full_quota_parse_review/gd2018_normalized_quota_items_full_review.csv,true,true,construction_cost_knowledge_engine/data/private/reference_extraction/backups/runs_backup_after_MAP_FULL_GOVERNANCE_REFERENCE_1,generated,pending governance reference only; not approved and not source of truth for enterprise prices
MAP_FULL_GOVERNANCE_REFERENCE_1,stage_map_full_governance_reference_report.md,construction_cost_knowledge_engine/data/private/reference_extraction/runs/MAP_FULL_GOVERNANCE_REFERENCE_1/stage_map_full_governance_reference_report.md,true,3104,,44df25cdb45915a518f14196fafe2c322d46aa706da3fc77378131343ce6d080,2026-07-06T20:18:14,construction_cost_knowledge_engine/data/private/reference_extraction/runs/SOURCE_BASELINE_LOCK_1/GB50854_2024_full_standard_parse_review/gb50854_bill_items_full_review.csv;construction_cost_knowledge_engine/data/private/reference_extraction/runs/SOURCE_BASELINE_LOCK_1/GD2018_normalized_full_quota_parse_review/gd2018_normalized_quota_items_full_review.csv,true,true,construction_cost_knowledge_engine/data/private/reference_extraction/backups/runs_backup_after_MAP_FULL_GOVERNANCE_REFERENCE_1,generated,pending governance reference only; not approved and not source of truth for enterprise prices
ENTERPRISE_PRICE_BASELINE_LOCK_1,internal_price_source_profile.csv,construction_cost_knowledge_engine/data/private/reference_extraction/runs/ENTERPRISE_PRICE_BASELINE_LOCK_1/internal_price_source_profile.csv,true,988,1,50564a819f5086db942b3a3585c63e789734fc3c3e5eee58d5e06f123ac0dba5,2026-07-06T21:14:56,construction_cost_knowledge_engine/data/private/reference_extraction/source_excels/内部价格表.xls,true,true,construction_cost_knowledge_engine/data/private/reference_extraction/backups/runs_backup_after_ENTERPRISE_PRICE_BASELINE_LOCK_1,generated,pending internal price baseline only; not approved and not enterprise quota table
ENTERPRISE_PRICE_BASELINE_LOCK_1,internal_price_all_rows_review.csv,construction_cost_knowledge_engine/data/private/reference_extraction/runs/ENTERPRISE_PRICE_BASELINE_LOCK_1/internal_price_all_rows_review.csv,true,462770,342,be20aabecb660b9087314b1df6c550c4ed188f81d5a9ea058287671091c0252c,2026-07-06T21:14:56,construction_cost_knowledge_engine/data/private/reference_extraction/source_excels/内部价格表.xls,true,true,construction_cost_knowledge_engine/data/private/reference_extraction/backups/runs_backup_after_ENTERPRISE_PRICE_BASELINE_LOCK_1,generated,pending internal price baseline only; not approved and not enterprise quota table
ENTERPRISE_PRICE_BASELINE_LOCK_1,internal_price_item_candidate.csv,construction_cost_knowledge_engine/data/private/reference_extraction/runs/ENTERPRISE_PRICE_BASELINE_LOCK_1/internal_price_item_candidate.csv,true,139430,321,b60399545e362bc3c2fbeb564f3ab360f623f3276ed247764aaf5d1ad1b6a0d6,2026-07-06T21:14:56,construction_cost_knowledge_engine/data/private/reference_extraction/source_excels/内部价格表.xls,true,true,construction_cost_knowledge_engine/data/private/reference_extraction/backups/runs_backup_after_ENTERPRISE_PRICE_BASELINE_LOCK_1,generated,pending internal price baseline only; not approved and not enterprise quota table
ENTERPRISE_PRICE_BASELINE_LOCK_1,internal_price_unit_normalized.csv,construction_cost_knowledge_engine/data/private/reference_extraction/runs/ENTERPRISE_PRICE_BASELINE_LOCK_1/internal_price_unit_normalized.csv,true,2242,15,d746a465d4dc5b0e225c279a19d4d7a304d105d1a77b92f3d415aed4e83306ad,2026-07-06T21:14:56,construction_cost_knowledge_engine/data/private/reference_extraction/source_excels/内部价格表.xls,true,true,construction_cost_knowledge_engine/data/private/reference_extraction/backups/runs_backup_after_ENTERPRISE_PRICE_BASELINE_LOCK_1,generated,pending internal price baseline only; not approved and not enterprise quota table
ENTERPRISE_PRICE_BASELINE_LOCK_1,internal_price_parse_issues.csv,construction_cost_knowledge_engine/data/private/reference_extraction/runs/ENTERPRISE_PRICE_BASELINE_LOCK_1/internal_price_parse_issues.csv,true,57982,287,75adea92e246440a1b0544c5588601006e7efd5b8a5a3362bf8a6f70b4dc3b63,2026-07-06T21:14:56,construction_cost_knowledge_engine/data/private/reference_extraction/source_excels/内部价格表.xls,true,true,construction_cost_knowledge_engine/data/private/reference_extraction/backups/runs_backup_after_ENTERPRISE_PRICE_BASELINE_LOCK_1,generated,pending internal price baseline only; not approved and not enterprise quota table
ENTERPRISE_PRICE_BASELINE_LOCK_1,internal_price_quality_dashboard.csv,construction_cost_knowledge_engine/data/private/reference_extraction/runs/ENTERPRISE_PRICE_BASELINE_LOCK_1/internal_price_quality_dashboard.csv,true,816,15,a847e1d356ef06fcaf02994df5ffd2e4206f05a59445e4541f54bd7e6f262c81,2026-07-06T21:14:56,construction_cost_knowledge_engine/data/private/reference_extraction/source_excels/内部价格表.xls,true,true,construction_cost_knowledge_engine/data/private/reference_extraction/backups/runs_backup_after_ENTERPRISE_PRICE_BASELINE_LOCK_1,generated,pending internal price baseline only; not approved and not enterprise quota table
ENTERPRISE_PRICE_BASELINE_LOCK_1,Internal_Price_Baseline_Review.xlsx,construction_cost_knowledge_engine/data/private/reference_extraction/runs/ENTERPRISE_PRICE_BASELINE_LOCK_1/Internal_Price_Baseline_Review.xlsx,true,125498,998,f3298bcd1437c74de257e3cd9f0d41f6fee1ce0354f2d91f93ebffa1bda2e69e,2026-07-06T21:15:02,construction_cost_knowledge_engine/data/private/reference_extraction/source_excels/内部价格表.xls,true,true,construction_cost_knowledge_engine/data/private/reference_extraction/backups/runs_backup_after_ENTERPRISE_PRICE_BASELINE_LOCK_1,generated,pending internal price baseline only; not approved and not enterprise quota table
ENTERPRISE_PRICE_BASELINE_LOCK_1,stage_enterprise_price_baseline_lock_report.md,construction_cost_knowledge_engine/data/private/reference_extraction/runs/ENTERPRISE_PRICE_BASELINE_LOCK_1/stage_enterprise_price_baseline_lock_report.md,true,2534,,10f860e6747ca94653a85501b02b505dff6132d5b79271dcad8756ba2478f11e,2026-07-06T21:15:10,construction_cost_knowledge_engine/data/private/reference_extraction/source_excels/内部价格表.xls,true,true,construction_cost_knowledge_engine/data/private/reference_extraction/backups/runs_backup_after_ENTERPRISE_PRICE_BASELINE_LOCK_1,generated,pending internal price baseline only; not approved and not enterprise quota table
ENTERPRISE_PRICE_TO_GD_QUOTA_ALIGNMENT_1,gd_quota_price_coverage_matrix_3712.csv,construction_cost_knowledge_engine/data/private/reference_extraction/runs/ENTERPRISE_PRICE_TO_GD_QUOTA_ALIGNMENT_1/gd_quota_price_coverage_matrix_3712.csv,true,1210893,3712,08b54b370120e26430f2fef1d05235c7d7b8c0b47847464e83697b75931ea21a,2026-07-06T22:35:30,construction_cost_knowledge_engine/data/private/reference_extraction/runs/SOURCE_BASELINE_LOCK_1/GD2018_normalized_full_quota_parse_review/gd2018_normalized_quota_items_full_review.csv;construction_cost_knowledge_engine/data/private/reference_extraction/runs/ENTERPRISE_PRICE_BASELINE_LOCK_1/internal_price_item_candidate.csv,true,true,construction_cost_knowledge_engine/data/private/reference_extraction/backups/runs_backup_after_ENTERPRISE_PRICE_TO_GD_QUOTA_ALIGNMENT_1,generated,pending price alignment and supplement candidates only; not approved and not formal enterprise quota
ENTERPRISE_PRICE_TO_GD_QUOTA_ALIGNMENT_1,internal_price_to_gd_quota_candidate.csv,construction_cost_knowledge_engine/data/private/reference_extraction/runs/ENTERPRISE_PRICE_TO_GD_QUOTA_ALIGNMENT_1/internal_price_to_gd_quota_candidate.csv,true,786672,2664,9489df6c7bdcac4720a26af0bba225e4f50497bc6888b3c73b9e34ca443956d6,2026-07-06T22:35:30,construction_cost_knowledge_engine/data/private/reference_extraction/runs/SOURCE_BASELINE_LOCK_1/GD2018_normalized_full_quota_parse_review/gd2018_normalized_quota_items_full_review.csv;construction_cost_knowledge_engine/data/private/reference_extraction/runs/ENTERPRISE_PRICE_BASELINE_LOCK_1/internal_price_item_candidate.csv,true,true,construction_cost_knowledge_engine/data/private/reference_extraction/backups/runs_backup_after_ENTERPRISE_PRICE_TO_GD_QUOTA_ALIGNMENT_1,generated,pending price alignment and supplement candidates only; not approved and not formal enterprise quota
ENTERPRISE_PRICE_TO_GD_QUOTA_ALIGNMENT_1,enterprise_supplement_item_candidate.csv,construction_cost_knowledge_engine/data/private/reference_extraction/runs/ENTERPRISE_PRICE_TO_GD_QUOTA_ALIGNMENT_1/enterprise_supplement_item_candidate.csv,true,75931,181,2b42520c996333092eff7bef50004b8b1e09e4eb49f86a5120380701bde1c1da,2026-07-06T22:35:30,construction_cost_knowledge_engine/data/private/reference_extraction/runs/SOURCE_BASELINE_LOCK_1/GD2018_normalized_full_quota_parse_review/gd2018_normalized_quota_items_full_review.csv;construction_cost_knowledge_engine/data/private/reference_extraction/runs/ENTERPRISE_PRICE_BASELINE_LOCK_1/internal_price_item_candidate.csv,true,true,construction_cost_knowledge_engine/data/private/reference_extraction/backups/runs_backup_after_ENTERPRISE_PRICE_TO_GD_QUOTA_ALIGNMENT_1,generated,pending price alignment and supplement candidates only; not approved and not formal enterprise quota
ENTERPRISE_PRICE_TO_GD_QUOTA_ALIGNMENT_1,internal_price_alignment_issues.csv,construction_cost_knowledge_engine/data/private/reference_extraction/runs/ENTERPRISE_PRICE_TO_GD_QUOTA_ALIGNMENT_1/internal_price_alignment_issues.csv,true,415628,1782,c9142e5370a41f245fd302aef794b25b4a7ca2fefb17b029015b41ff03c44e5f,2026-07-06T22:35:30,construction_cost_knowledge_engine/data/private/reference_extraction/runs/SOURCE_BASELINE_LOCK_1/GD2018_normalized_full_quota_parse_review/gd2018_normalized_quota_items_full_review.csv;construction_cost_knowledge_engine/data/private/reference_extraction/runs/ENTERPRISE_PRICE_BASELINE_LOCK_1/internal_price_item_candidate.csv,true,true,construction_cost_knowledge_engine/data/private/reference_extraction/backups/runs_backup_after_ENTERPRISE_PRICE_TO_GD_QUOTA_ALIGNMENT_1,generated,pending price alignment and supplement candidates only; not approved and not formal enterprise quota
ENTERPRISE_PRICE_TO_GD_QUOTA_ALIGNMENT_1,price_source_priority_rules_v0_1.md,construction_cost_knowledge_engine/data/private/reference_extraction/runs/ENTERPRISE_PRICE_TO_GD_QUOTA_ALIGNMENT_1/price_source_priority_rules_v0_1.md,true,1158,,1b395e4114b66f598eae478ce265a6e4efb10314e8f4aa5b212756d4ed8da5bb,2026-07-06T22:35:30,construction_cost_knowledge_engine/data/private/reference_extraction/runs/SOURCE_BASELINE_LOCK_1/GD2018_normalized_full_quota_parse_review/gd2018_normalized_quota_items_full_review.csv;construction_cost_knowledge_engine/data/private/reference_extraction/runs/ENTERPRISE_PRICE_BASELINE_LOCK_1/internal_price_item_candidate.csv,true,true,construction_cost_knowledge_engine/data/private/reference_extraction/backups/runs_backup_after_ENTERPRISE_PRICE_TO_GD_QUOTA_ALIGNMENT_1,generated,pending price alignment and supplement candidates only; not approved and not formal enterprise quota
ENTERPRISE_PRICE_TO_GD_QUOTA_ALIGNMENT_1,enterprise_price_alignment_dashboard.csv,construction_cost_knowledge_engine/data/private/reference_extraction/runs/ENTERPRISE_PRICE_TO_GD_QUOTA_ALIGNMENT_1/enterprise_price_alignment_dashboard.csv,true,873,13,2c57ef8e8ecf4426dcc90e47c4126592603a7bac532d9031d71e2829ccd6f423,2026-07-06T22:35:30,construction_cost_knowledge_engine/data/private/reference_extraction/runs/SOURCE_BASELINE_LOCK_1/GD2018_normalized_full_quota_parse_review/gd2018_normalized_quota_items_full_review.csv;construction_cost_knowledge_engine/data/private/reference_extraction/runs/ENTERPRISE_PRICE_BASELINE_LOCK_1/internal_price_item_candidate.csv,true,true,construction_cost_knowledge_engine/data/private/reference_extraction/backups/runs_backup_after_ENTERPRISE_PRICE_TO_GD_QUOTA_ALIGNMENT_1,generated,pending price alignment and supplement candidates only; not approved and not formal enterprise quota
ENTERPRISE_PRICE_TO_GD_QUOTA_ALIGNMENT_1,Enterprise_Price_To_GD_Quota_Alignment_Review.xlsx,construction_cost_knowledge_engine/data/private/reference_extraction/runs/ENTERPRISE_PRICE_TO_GD_QUOTA_ALIGNMENT_1/Enterprise_Price_To_GD_Quota_Alignment_Review.xlsx,true,712833,8328,2b9fef21109291cc66ba0c32f577b8ebfe5c28cff19ecd935faf360b889600ee,2026-07-06T22:35:46,construction_cost_knowledge_engine/data/private/reference_extraction/runs/SOURCE_BASELINE_LOCK_1/GD2018_normalized_full_quota_parse_review/gd2018_normalized_quota_items_full_review.csv;construction_cost_knowledge_engine/data/private/reference_extraction/runs/ENTERPRISE_PRICE_BASELINE_LOCK_1/internal_price_item_candidate.csv,true,true,construction_cost_knowledge_engine/data/private/reference_extraction/backups/runs_backup_after_ENTERPRISE_PRICE_TO_GD_QUOTA_ALIGNMENT_1,generated,pending price alignment and supplement candidates only; not approved and not formal enterprise quota
ENTERPRISE_PRICE_TO_GD_QUOTA_ALIGNMENT_1,stage_enterprise_price_to_gd_quota_alignment_report.md,construction_cost_knowledge_engine/data/private/reference_extraction/runs/ENTERPRISE_PRICE_TO_GD_QUOTA_ALIGNMENT_1/stage_enterprise_price_to_gd_quota_alignment_report.md,true,2392,,b2c1e83f51ea99017c855dbe7399e224c5156bf9916238baed72b4d9fe66efeb,2026-07-06T22:35:46,construction_cost_knowledge_engine/data/private/reference_extraction/runs/SOURCE_BASELINE_LOCK_1/GD2018_normalized_full_quota_parse_review/gd2018_normalized_quota_items_full_review.csv;construction_cost_knowledge_engine/data/private/reference_extraction/runs/ENTERPRISE_PRICE_BASELINE_LOCK_1/internal_price_item_candidate.csv,true,true,construction_cost_knowledge_engine/data/private/reference_extraction/backups/runs_backup_after_ENTERPRISE_PRICE_TO_GD_QUOTA_ALIGNMENT_1,generated,pending price alignment and supplement candidates only; not approved and not formal enterprise quota
ENTERPRISE_QUOTA_PRICE_COMPARISON_V0_1,enterprise_quota_price_comparison_v0_1.csv,construction_cost_knowledge_engine/data/private/reference_extraction/runs/ENTERPRISE_QUOTA_PRICE_COMPARISON_V0_1/enterprise_quota_price_comparison_v0_1.csv,true,2042746,3712,5c3ef73d87c86f09e7c2248340f6d25e08c337e103fa0617519e1bcaaa4ba8e3,2026-07-07T11:24:18,construction_cost_knowledge_engine/data/private/reference_extraction/runs/SOURCE_BASELINE_LOCK_1/GD2018_normalized_full_quota_parse_review/gd2018_normalized_quota_items_full_review.csv;construction_cost_knowledge_engine/data/private/reference_extraction/runs/SOURCE_BASELINE_LOCK_1/GD2018_normalized_full_quota_parse_review/gd2018_normalized_pricing_fields_full_review.csv;construction_cost_knowledge_engine/data/private/reference_extraction/runs/ENTERPRISE_PRICE_BASELINE_LOCK_1/internal_price_item_candidate.csv;construction_cost_knowledge_engine/data/private/reference_extraction/runs/ENTERPRISE_PRICE_TO_GD_QUOTA_ALIGNMENT_1/internal_price_to_gd_quota_candidate.csv;construction_cost_knowledge_engine/data/private/reference_extraction/runs/ENTERPRISE_PRICE_TO_GD_QUOTA_ALIGNMENT_1/gd_quota_price_coverage_matrix_3712.csv;construction_cost_knowledge_engine/data/private/reference_extraction/runs/ENTERPRISE_PRICE_TO_GD_QUOTA_ALIGNMENT_1/enterprise_supplement_item_candidate.csv,true,true,construction_cost_knowledge_engine/data/private/reference_extraction/backups/runs_backup_after_ENTERPRISE_QUOTA_PRICE_COMPARISON_V0_1,generated_pending_review,private artifact; not tracked by Git; no database write; no approved; no internal price lock
ENTERPRISE_QUOTA_PRICE_COMPARISON_V0_1,enterprise_price_candidate_pool_v0_1.csv,construction_cost_knowledge_engine/data/private/reference_extraction/runs/ENTERPRISE_QUOTA_PRICE_COMPARISON_V0_1/enterprise_price_candidate_pool_v0_1.csv,true,515092,2572,d283aeec2d185085e0000b30f3a0d83146052c005b163ad4125ba5eabc09e8c3,2026-07-07T11:24:18,construction_cost_knowledge_engine/data/private/reference_extraction/runs/SOURCE_BASELINE_LOCK_1/GD2018_normalized_full_quota_parse_review/gd2018_normalized_quota_items_full_review.csv;construction_cost_knowledge_engine/data/private/reference_extraction/runs/SOURCE_BASELINE_LOCK_1/GD2018_normalized_full_quota_parse_review/gd2018_normalized_pricing_fields_full_review.csv;construction_cost_knowledge_engine/data/private/reference_extraction/runs/ENTERPRISE_PRICE_BASELINE_LOCK_1/internal_price_item_candidate.csv;construction_cost_knowledge_engine/data/private/reference_extraction/runs/ENTERPRISE_PRICE_TO_GD_QUOTA_ALIGNMENT_1/internal_price_to_gd_quota_candidate.csv;construction_cost_knowledge_engine/data/private/reference_extraction/runs/ENTERPRISE_PRICE_TO_GD_QUOTA_ALIGNMENT_1/gd_quota_price_coverage_matrix_3712.csv;construction_cost_knowledge_engine/data/private/reference_extraction/runs/ENTERPRISE_PRICE_TO_GD_QUOTA_ALIGNMENT_1/enterprise_supplement_item_candidate.csv,true,true,construction_cost_knowledge_engine/data/private/reference_extraction/backups/runs_backup_after_ENTERPRISE_QUOTA_PRICE_COMPARISON_V0_1,generated_pending_review,private artifact; not tracked by Git; no database write; no approved; no internal price lock
ENTERPRISE_QUOTA_PRICE_COMPARISON_V0_1,market_price_candidate_placeholder_v0_1.csv,construction_cost_knowledge_engine/data/private/reference_extraction/runs/ENTERPRISE_QUOTA_PRICE_COMPARISON_V0_1/market_price_candidate_placeholder_v0_1.csv,true,564421,3712,49a9e320f35e1c1420a9f482e6ab2e56c79f0d2a79f39f7d653fb0f06f1aa54c,2026-07-07T11:24:18,construction_cost_knowledge_engine/data/private/reference_extraction/runs/SOURCE_BASELINE_LOCK_1/GD2018_normalized_full_quota_parse_review/gd2018_normalized_quota_items_full_review.csv;construction_cost_knowledge_engine/data/private/reference_extraction/runs/SOURCE_BASELINE_LOCK_1/GD2018_normalized_full_quota_parse_review/gd2018_normalized_pricing_fields_full_review.csv;construction_cost_knowledge_engine/data/private/reference_extraction/runs/ENTERPRISE_PRICE_BASELINE_LOCK_1/internal_price_item_candidate.csv;construction_cost_knowledge_engine/data/private/reference_extraction/runs/ENTERPRISE_PRICE_TO_GD_QUOTA_ALIGNMENT_1/internal_price_to_gd_quota_candidate.csv;construction_cost_knowledge_engine/data/private/reference_extraction/runs/ENTERPRISE_PRICE_TO_GD_QUOTA_ALIGNMENT_1/gd_quota_price_coverage_matrix_3712.csv;construction_cost_knowledge_engine/data/private/reference_extraction/runs/ENTERPRISE_PRICE_TO_GD_QUOTA_ALIGNMENT_1/enterprise_supplement_item_candidate.csv,true,true,construction_cost_knowledge_engine/data/private/reference_extraction/backups/runs_backup_after_ENTERPRISE_QUOTA_PRICE_COMPARISON_V0_1,generated_pending_review,private artifact; not tracked by Git; no database write; no approved; no internal price lock
ENTERPRISE_QUOTA_PRICE_COMPARISON_V0_1,ai_price_recommendation_v0_1.csv,construction_cost_knowledge_engine/data/private/reference_extraction/runs/ENTERPRISE_QUOTA_PRICE_COMPARISON_V0_1/ai_price_recommendation_v0_1.csv,true,1107119,3712,721063775a338f4c8c40b99ab3ed9f2b1159bbb9ea75a208dd38c78d3a94c03a,2026-07-07T11:24:18,construction_cost_knowledge_engine/data/private/reference_extraction/runs/SOURCE_BASELINE_LOCK_1/GD2018_normalized_full_quota_parse_review/gd2018_normalized_quota_items_full_review.csv;construction_cost_knowledge_engine/data/private/reference_extraction/runs/SOURCE_BASELINE_LOCK_1/GD2018_normalized_full_quota_parse_review/gd2018_normalized_pricing_fields_full_review.csv;construction_cost_knowledge_engine/data/private/reference_extraction/runs/ENTERPRISE_PRICE_BASELINE_LOCK_1/internal_price_item_candidate.csv;construction_cost_knowledge_engine/data/private/reference_extraction/runs/ENTERPRISE_PRICE_TO_GD_QUOTA_ALIGNMENT_1/internal_price_to_gd_quota_candidate.csv;construction_cost_knowledge_engine/data/private/reference_extraction/runs/ENTERPRISE_PRICE_TO_GD_QUOTA_ALIGNMENT_1/gd_quota_price_coverage_matrix_3712.csv;construction_cost_knowledge_engine/data/private/reference_extraction/runs/ENTERPRISE_PRICE_TO_GD_QUOTA_ALIGNMENT_1/enterprise_supplement_item_candidate.csv,true,true,construction_cost_knowledge_engine/data/private/reference_extraction/backups/runs_backup_after_ENTERPRISE_QUOTA_PRICE_COMPARISON_V0_1,generated_pending_review,private artifact; not tracked by Git; no database write; no approved; no internal price lock
ENTERPRISE_QUOTA_PRICE_COMPARISON_V0_1,enterprise_supplement_price_comparison_v0_1.csv,construction_cost_knowledge_engine/data/private/reference_extraction/runs/ENTERPRISE_QUOTA_PRICE_COMPARISON_V0_1/enterprise_supplement_price_comparison_v0_1.csv,true,31684,136,90995be2332c04095e9d0016d18e285d48512f6bbc1f87ad5de99525f8f7a910,2026-07-07T11:24:18,construction_cost_knowledge_engine/data/private/reference_extraction/runs/SOURCE_BASELINE_LOCK_1/GD2018_normalized_full_quota_parse_review/gd2018_normalized_quota_items_full_review.csv;construction_cost_knowledge_engine/data/private/reference_extraction/runs/SOURCE_BASELINE_LOCK_1/GD2018_normalized_full_quota_parse_review/gd2018_normalized_pricing_fields_full_review.csv;construction_cost_knowledge_engine/data/private/reference_extraction/runs/ENTERPRISE_PRICE_BASELINE_LOCK_1/internal_price_item_candidate.csv;construction_cost_knowledge_engine/data/private/reference_extraction/runs/ENTERPRISE_PRICE_TO_GD_QUOTA_ALIGNMENT_1/internal_price_to_gd_quota_candidate.csv;construction_cost_knowledge_engine/data/private/reference_extraction/runs/ENTERPRISE_PRICE_TO_GD_QUOTA_ALIGNMENT_1/gd_quota_price_coverage_matrix_3712.csv;construction_cost_knowledge_engine/data/private/reference_extraction/runs/ENTERPRISE_PRICE_TO_GD_QUOTA_ALIGNMENT_1/enterprise_supplement_item_candidate.csv,true,true,construction_cost_knowledge_engine/data/private/reference_extraction/backups/runs_backup_after_ENTERPRISE_QUOTA_PRICE_COMPARISON_V0_1,generated_pending_review,private artifact; not tracked by Git; no database write; no approved; no internal price lock
ENTERPRISE_QUOTA_PRICE_COMPARISON_V0_1,price_comparison_quality_dashboard.csv,construction_cost_knowledge_engine/data/private/reference_extraction/runs/ENTERPRISE_QUOTA_PRICE_COMPARISON_V0_1/price_comparison_quality_dashboard.csv,true,1579,14,31364b3be0ccc674b385ea83aa27d827acb3ce1f599d58392d7f3abc8b1c3ca7,2026-07-07T11:24:18,construction_cost_knowledge_engine/data/private/reference_extraction/runs/SOURCE_BASELINE_LOCK_1/GD2018_normalized_full_quota_parse_review/gd2018_normalized_quota_items_full_review.csv;construction_cost_knowledge_engine/data/private/reference_extraction/runs/SOURCE_BASELINE_LOCK_1/GD2018_normalized_full_quota_parse_review/gd2018_normalized_pricing_fields_full_review.csv;construction_cost_knowledge_engine/data/private/reference_extraction/runs/ENTERPRISE_PRICE_BASELINE_LOCK_1/internal_price_item_candidate.csv;construction_cost_knowledge_engine/data/private/reference_extraction/runs/ENTERPRISE_PRICE_TO_GD_QUOTA_ALIGNMENT_1/internal_price_to_gd_quota_candidate.csv;construction_cost_knowledge_engine/data/private/reference_extraction/runs/ENTERPRISE_PRICE_TO_GD_QUOTA_ALIGNMENT_1/gd_quota_price_coverage_matrix_3712.csv;construction_cost_knowledge_engine/data/private/reference_extraction/runs/ENTERPRISE_PRICE_TO_GD_QUOTA_ALIGNMENT_1/enterprise_supplement_item_candidate.csv,true,true,construction_cost_knowledge_engine/data/private/reference_extraction/backups/runs_backup_after_ENTERPRISE_QUOTA_PRICE_COMPARISON_V0_1,generated_pending_review,private artifact; not tracked by Git; no database write; no approved; no internal price lock
ENTERPRISE_QUOTA_PRICE_COMPARISON_V0_1,Enterprise_Quota_Price_Comparison_V0_1_Review.xlsx,construction_cost_knowledge_engine/data/private/reference_extraction/runs/ENTERPRISE_QUOTA_PRICE_COMPARISON_V0_1/Enterprise_Quota_Price_Comparison_V0_1_Review.xlsx,true,1536236,13865,36277b6ff6e2cb5c3cc086229d8d2e560b78f7841cf0f8e58e49b35b0eb25a18,2026-07-07T11:25:00,construction_cost_knowledge_engine/data/private/reference_extraction/runs/SOURCE_BASELINE_LOCK_1/GD2018_normalized_full_quota_parse_review/gd2018_normalized_quota_items_full_review.csv;construction_cost_knowledge_engine/data/private/reference_extraction/runs/SOURCE_BASELINE_LOCK_1/GD2018_normalized_full_quota_parse_review/gd2018_normalized_pricing_fields_full_review.csv;construction_cost_knowledge_engine/data/private/reference_extraction/runs/ENTERPRISE_PRICE_BASELINE_LOCK_1/internal_price_item_candidate.csv;construction_cost_knowledge_engine/data/private/reference_extraction/runs/ENTERPRISE_PRICE_TO_GD_QUOTA_ALIGNMENT_1/internal_price_to_gd_quota_candidate.csv;construction_cost_knowledge_engine/data/private/reference_extraction/runs/ENTERPRISE_PRICE_TO_GD_QUOTA_ALIGNMENT_1/gd_quota_price_coverage_matrix_3712.csv;construction_cost_knowledge_engine/data/private/reference_extraction/runs/ENTERPRISE_PRICE_TO_GD_QUOTA_ALIGNMENT_1/enterprise_supplement_item_candidate.csv,true,true,construction_cost_knowledge_engine/data/private/reference_extraction/backups/runs_backup_after_ENTERPRISE_QUOTA_PRICE_COMPARISON_V0_1,generated_pending_review,private artifact; not tracked by Git; no database write; no approved; no internal price lock
ENTERPRISE_QUOTA_PRICE_COMPARISON_V0_1,stage_enterprise_quota_price_comparison_v0_1_report.md,construction_cost_knowledge_engine/data/private/reference_extraction/runs/ENTERPRISE_QUOTA_PRICE_COMPARISON_V0_1/stage_enterprise_quota_price_comparison_v0_1_report.md,true,3675,,05271d27e442728935da044bc3f73872b290327388052014d5763e02e475f17c,2026-07-07T11:25:02,construction_cost_knowledge_engine/data/private/reference_extraction/runs/SOURCE_BASELINE_LOCK_1/GD2018_normalized_full_quota_parse_review/gd2018_normalized_quota_items_full_review.csv;construction_cost_knowledge_engine/data/private/reference_extraction/runs/SOURCE_BASELINE_LOCK_1/GD2018_normalized_full_quota_parse_review/gd2018_normalized_pricing_fields_full_review.csv;construction_cost_knowledge_engine/data/private/reference_extraction/runs/ENTERPRISE_PRICE_BASELINE_LOCK_1/internal_price_item_candidate.csv;construction_cost_knowledge_engine/data/private/reference_extraction/runs/ENTERPRISE_PRICE_TO_GD_QUOTA_ALIGNMENT_1/internal_price_to_gd_quota_candidate.csv;construction_cost_knowledge_engine/data/private/reference_extraction/runs/ENTERPRISE_PRICE_TO_GD_QUOTA_ALIGNMENT_1/gd_quota_price_coverage_matrix_3712.csv;construction_cost_knowledge_engine/data/private/reference_extraction/runs/ENTERPRISE_PRICE_TO_GD_QUOTA_ALIGNMENT_1/enterprise_supplement_item_candidate.csv,true,true,construction_cost_knowledge_engine/data/private/reference_extraction/backups/runs_backup_after_ENTERPRISE_QUOTA_PRICE_COMPARISON_V0_1,generated_pending_review,private artifact; not tracked by Git; no database write; no approved; no internal price lock
PRICE_SOURCE_REFRESH_AND_MARKET_BASELINE_1,internal_price_source_profile_v2.csv,construction_cost_knowledge_engine/data/private/reference_extraction/runs/PRICE_SOURCE_REFRESH_AND_MARKET_BASELINE_1/internal_price_source_profile_v2.csv,true,1017,1,7b50221c4505c1097a641350cc4b65c3a6c3eb8597ca8e1ac33b2ddf1d210bda,2026-07-07T14:42:34,construction_cost_knowledge_engine/data/private/reference_extraction/source_excels/内部价格表.xls;construction_cost_knowledge_engine/data/private/reference_extraction/source_excels/market_price_sources,true,true,construction_cost_knowledge_engine/data/private/reference_extraction/backups/runs_backup_after_PRICE_SOURCE_REFRESH_AND_MARKET_BASELINE_1,generated_pending_review,pending price source refresh artifact; not approved; no database write; no market price fabrication
PRICE_SOURCE_REFRESH_AND_MARKET_BASELINE_1,internal_price_item_candidate_v2.csv,construction_cost_knowledge_engine/data/private/reference_extraction/runs/PRICE_SOURCE_REFRESH_AND_MARKET_BASELINE_1/internal_price_item_candidate_v2.csv,true,162513,321,f6f67e541daf56002ae41b19aa969b9d8fc31b665d40bbf551bae2a4a1e34be6,2026-07-07T14:42:34,construction_cost_knowledge_engine/data/private/reference_extraction/source_excels/内部价格表.xls;construction_cost_knowledge_engine/data/private/reference_extraction/source_excels/market_price_sources,true,true,construction_cost_knowledge_engine/data/private/reference_extraction/backups/runs_backup_after_PRICE_SOURCE_REFRESH_AND_MARKET_BASELINE_1,generated_pending_review,pending price source refresh artifact; not approved; no database write; no market price fabrication
PRICE_SOURCE_REFRESH_AND_MARKET_BASELINE_1,internal_price_unit_normalized_v2.csv,construction_cost_knowledge_engine/data/private/reference_extraction/runs/PRICE_SOURCE_REFRESH_AND_MARKET_BASELINE_1/internal_price_unit_normalized_v2.csv,true,2882,15,d502d9f4144847d31b566689d4bc003334e36e3b0943fed2415849780a086368,2026-07-07T14:42:34,construction_cost_knowledge_engine/data/private/reference_extraction/source_excels/内部价格表.xls;construction_cost_knowledge_engine/data/private/reference_extraction/source_excels/market_price_sources,true,true,construction_cost_knowledge_engine/data/private/reference_extraction/backups/runs_backup_after_PRICE_SOURCE_REFRESH_AND_MARKET_BASELINE_1,generated_pending_review,pending price source refresh artifact; not approved; no database write; no market price fabrication
PRICE_SOURCE_REFRESH_AND_MARKET_BASELINE_1,internal_price_quality_dashboard_v2.csv,construction_cost_knowledge_engine/data/private/reference_extraction/runs/PRICE_SOURCE_REFRESH_AND_MARKET_BASELINE_1/internal_price_quality_dashboard_v2.csv,true,1453,15,d03db6685963cd6b46fa930eaae74136085e880527234b1f5964f1ae29f6d97a,2026-07-07T14:42:34,construction_cost_knowledge_engine/data/private/reference_extraction/source_excels/内部价格表.xls;construction_cost_knowledge_engine/data/private/reference_extraction/source_excels/market_price_sources,true,true,construction_cost_knowledge_engine/data/private/reference_extraction/backups/runs_backup_after_PRICE_SOURCE_REFRESH_AND_MARKET_BASELINE_1,generated_pending_review,pending price source refresh artifact; not approved; no database write; no market price fabrication
PRICE_SOURCE_REFRESH_AND_MARKET_BASELINE_1,market_price_source_catalog.csv,construction_cost_knowledge_engine/data/private/reference_extraction/runs/PRICE_SOURCE_REFRESH_AND_MARKET_BASELINE_1/market_price_source_catalog.csv,true,1127,4,319855d31a618ed9bfc235c60e7e307c38268995ee50992f83c8259602aba240,2026-07-07T14:42:34,construction_cost_knowledge_engine/data/private/reference_extraction/source_excels/内部价格表.xls;construction_cost_knowledge_engine/data/private/reference_extraction/source_excels/market_price_sources,true,true,construction_cost_knowledge_engine/data/private/reference_extraction/backups/runs_backup_after_PRICE_SOURCE_REFRESH_AND_MARKET_BASELINE_1,generated_pending_review,pending price source refresh artifact; not approved; no database write; no market price fabrication
PRICE_SOURCE_REFRESH_AND_MARKET_BASELINE_1,market_price_raw_items.csv,construction_cost_knowledge_engine/data/private/reference_extraction/runs/PRICE_SOURCE_REFRESH_AND_MARKET_BASELINE_1/market_price_raw_items.csv,true,282,0,d4db56f87b62118a8c101ad2da2552d4efe1970912d886d8957f903157726e2c,2026-07-07T14:42:34,construction_cost_knowledge_engine/data/private/reference_extraction/source_excels/内部价格表.xls;construction_cost_knowledge_engine/data/private/reference_extraction/source_excels/market_price_sources,true,true,construction_cost_knowledge_engine/data/private/reference_extraction/backups/runs_backup_after_PRICE_SOURCE_REFRESH_AND_MARKET_BASELINE_1,generated_pending_review,pending price source refresh artifact; not approved; no database write; no market price fabrication
PRICE_SOURCE_REFRESH_AND_MARKET_BASELINE_1,market_price_normalized_items.csv,construction_cost_knowledge_engine/data/private/reference_extraction/runs/PRICE_SOURCE_REFRESH_AND_MARKET_BASELINE_1/market_price_normalized_items.csv,true,212,0,ca3540e430ac1a6916ee28ef4526e6eca3a9e7f9c2c3a1086f674e5bc0a646d2,2026-07-07T14:42:34,construction_cost_knowledge_engine/data/private/reference_extraction/source_excels/内部价格表.xls;construction_cost_knowledge_engine/data/private/reference_extraction/source_excels/market_price_sources,true,true,construction_cost_knowledge_engine/data/private/reference_extraction/backups/runs_backup_after_PRICE_SOURCE_REFRESH_AND_MARKET_BASELINE_1,generated_pending_review,pending price source refresh artifact; not approved; no database write; no market price fabrication
PRICE_SOURCE_REFRESH_AND_MARKET_BASELINE_1,market_price_parse_issues.csv,construction_cost_knowledge_engine/data/private/reference_extraction/runs/PRICE_SOURCE_REFRESH_AND_MARKET_BASELINE_1/market_price_parse_issues.csv,true,1637,4,c7d67dd1297c95c60d9f575613e776ba0ef0118131141ddf70ba8dd765db3214,2026-07-07T14:42:34,construction_cost_knowledge_engine/data/private/reference_extraction/source_excels/内部价格表.xls;construction_cost_knowledge_engine/data/private/reference_extraction/source_excels/market_price_sources,true,true,construction_cost_knowledge_engine/data/private/reference_extraction/backups/runs_backup_after_PRICE_SOURCE_REFRESH_AND_MARKET_BASELINE_1,generated_pending_review,pending price source refresh artifact; not approved; no database write; no market price fabrication
PRICE_SOURCE_REFRESH_AND_MARKET_BASELINE_1,Price_Source_Refresh_And_Market_Baseline_Review.xlsx,construction_cost_knowledge_engine/data/private/reference_extraction/runs/PRICE_SOURCE_REFRESH_AND_MARKET_BASELINE_1/Price_Source_Refresh_And_Market_Baseline_Review.xlsx,true,72250,367,323ebf385faae3ea79a97bed8e4ae36e53041f98efb63ed8fefef12eed237a80,2026-07-07T14:42:40,construction_cost_knowledge_engine/data/private/reference_extraction/source_excels/内部价格表.xls;construction_cost_knowledge_engine/data/private/reference_extraction/source_excels/market_price_sources,true,true,construction_cost_knowledge_engine/data/private/reference_extraction/backups/runs_backup_after_PRICE_SOURCE_REFRESH_AND_MARKET_BASELINE_1,generated_pending_review,pending price source refresh artifact; not approved; no database write; no market price fabrication
PRICE_SOURCE_REFRESH_AND_MARKET_BASELINE_1,stage_price_source_refresh_and_market_baseline_report.md,construction_cost_knowledge_engine/data/private/reference_extraction/runs/PRICE_SOURCE_REFRESH_AND_MARKET_BASELINE_1/stage_price_source_refresh_and_market_baseline_report.md,true,2318,,b26fc4a698a5e4b77e95fb8e372d2e293916dafe1b28c4265f35fa17164b6dc9,2026-07-07T14:42:50,construction_cost_knowledge_engine/data/private/reference_extraction/source_excels/内部价格表.xls;construction_cost_knowledge_engine/data/private/reference_extraction/source_excels/market_price_sources,true,true,construction_cost_knowledge_engine/data/private/reference_extraction/backups/runs_backup_after_PRICE_SOURCE_REFRESH_AND_MARKET_BASELINE_1,generated_pending_review,pending price source refresh artifact; not approved; no database write; no market price fabrication
ENTERPRISE_QUOTA_MANUAL_PRICING_REVIEW_V0_1,enterprise_quota_manual_pricing_review_v0_1.csv,construction_cost_knowledge_engine/data/private/reference_extraction/runs/ENTERPRISE_QUOTA_MANUAL_PRICING_REVIEW_V0_1/enterprise_quota_manual_pricing_review_v0_1.csv,true,1998156,3712,be60dd2aeb079cef03db557ab82a36a9f2df2d7ca969664d37979e3e298063f7,2026-07-07T15:57:46,construction_cost_knowledge_engine/data/private/reference_extraction/runs/SOURCE_BASELINE_LOCK_1/GD2018_normalized_full_quota_parse_review/gd2018_normalized_quota_items_full_review.csv;construction_cost_knowledge_engine/data/private/reference_extraction/runs/SOURCE_BASELINE_LOCK_1/GD2018_normalized_full_quota_parse_review/gd2018_normalized_pricing_fields_full_review.csv;construction_cost_knowledge_engine/data/private/reference_extraction/runs/PRICE_SOURCE_REFRESH_AND_MARKET_BASELINE_1/internal_price_item_candidate_v2.csv;construction_cost_knowledge_engine/data/private/reference_extraction/runs/PRICE_SOURCE_REFRESH_AND_MARKET_BASELINE_1/internal_price_unit_normalized_v2.csv;construction_cost_knowledge_engine/data/private/reference_extraction/runs/PRICE_SOURCE_REFRESH_AND_MARKET_BASELINE_1/market_price_normalized_items.csv;construction_cost_knowledge_engine/data/private/reference_extraction/runs/ENTERPRISE_PRICE_TO_GD_QUOTA_ALIGNMENT_1/internal_price_to_gd_quota_candidate.csv;construction_cost_knowledge_engine/data/private/reference_extraction/runs/ENTERPRISE_PRICE_TO_GD_QUOTA_ALIGNMENT_1/gd_quota_price_coverage_matrix_3712.csv,true,true,construction_cost_knowledge_engine/data/private/reference_extraction/backups/runs_backup_after_ENTERPRISE_QUOTA_MANUAL_PRICING_REVIEW_V0_1,generated_pending_review,manual pricing review artifact; no approved; no database write; no locked internal price id
ENTERPRISE_QUOTA_MANUAL_PRICING_REVIEW_V0_1,enterprise_price_candidate_detail_v0_1.csv,construction_cost_knowledge_engine/data/private/reference_extraction/runs/ENTERPRISE_QUOTA_MANUAL_PRICING_REVIEW_V0_1/enterprise_price_candidate_detail_v0_1.csv,true,548340,2572,92dff65f8d429e39ae95092448fa576d67dbcadb2d4ead9044b6ef5e7e4159a3,2026-07-07T15:57:46,construction_cost_knowledge_engine/data/private/reference_extraction/runs/SOURCE_BASELINE_LOCK_1/GD2018_normalized_full_quota_parse_review/gd2018_normalized_quota_items_full_review.csv;construction_cost_knowledge_engine/data/private/reference_extraction/runs/SOURCE_BASELINE_LOCK_1/GD2018_normalized_full_quota_parse_review/gd2018_normalized_pricing_fields_full_review.csv;construction_cost_knowledge_engine/data/private/reference_extraction/runs/PRICE_SOURCE_REFRESH_AND_MARKET_BASELINE_1/internal_price_item_candidate_v2.csv;construction_cost_knowledge_engine/data/private/reference_extraction/runs/PRICE_SOURCE_REFRESH_AND_MARKET_BASELINE_1/internal_price_unit_normalized_v2.csv;construction_cost_knowledge_engine/data/private/reference_extraction/runs/PRICE_SOURCE_REFRESH_AND_MARKET_BASELINE_1/market_price_normalized_items.csv;construction_cost_knowledge_engine/data/private/reference_extraction/runs/ENTERPRISE_PRICE_TO_GD_QUOTA_ALIGNMENT_1/internal_price_to_gd_quota_candidate.csv;construction_cost_knowledge_engine/data/private/reference_extraction/runs/ENTERPRISE_PRICE_TO_GD_QUOTA_ALIGNMENT_1/gd_quota_price_coverage_matrix_3712.csv,true,true,construction_cost_knowledge_engine/data/private/reference_extraction/backups/runs_backup_after_ENTERPRISE_QUOTA_MANUAL_PRICING_REVIEW_V0_1,generated_pending_review,manual pricing review artifact; no approved; no database write; no locked internal price id
ENTERPRISE_QUOTA_MANUAL_PRICING_REVIEW_V0_1,price_variance_review_flags_v0_1.csv,construction_cost_knowledge_engine/data/private/reference_extraction/runs/ENTERPRISE_QUOTA_MANUAL_PRICING_REVIEW_V0_1/price_variance_review_flags_v0_1.csv,true,1423041,7170,51805a582f04c0da74245a952e9c2bfb65a30fe837ca878b088b1da9da73330d,2026-07-07T15:57:46,construction_cost_knowledge_engine/data/private/reference_extraction/runs/SOURCE_BASELINE_LOCK_1/GD2018_normalized_full_quota_parse_review/gd2018_normalized_quota_items_full_review.csv;construction_cost_knowledge_engine/data/private/reference_extraction/runs/SOURCE_BASELINE_LOCK_1/GD2018_normalized_full_quota_parse_review/gd2018_normalized_pricing_fields_full_review.csv;construction_cost_knowledge_engine/data/private/reference_extraction/runs/PRICE_SOURCE_REFRESH_AND_MARKET_BASELINE_1/internal_price_item_candidate_v2.csv;construction_cost_knowledge_engine/data/private/reference_extraction/runs/PRICE_SOURCE_REFRESH_AND_MARKET_BASELINE_1/internal_price_unit_normalized_v2.csv;construction_cost_knowledge_engine/data/private/reference_extraction/runs/PRICE_SOURCE_REFRESH_AND_MARKET_BASELINE_1/market_price_normalized_items.csv;construction_cost_knowledge_engine/data/private/reference_extraction/runs/ENTERPRISE_PRICE_TO_GD_QUOTA_ALIGNMENT_1/internal_price_to_gd_quota_candidate.csv;construction_cost_knowledge_engine/data/private/reference_extraction/runs/ENTERPRISE_PRICE_TO_GD_QUOTA_ALIGNMENT_1/gd_quota_price_coverage_matrix_3712.csv,true,true,construction_cost_knowledge_engine/data/private/reference_extraction/backups/runs_backup_after_ENTERPRISE_QUOTA_MANUAL_PRICING_REVIEW_V0_1,generated_pending_review,manual pricing review artifact; no approved; no database write; no locked internal price id
ENTERPRISE_QUOTA_MANUAL_PRICING_REVIEW_V0_1,ai_price_recommendation_explanation_v0_1.csv,construction_cost_knowledge_engine/data/private/reference_extraction/runs/ENTERPRISE_QUOTA_MANUAL_PRICING_REVIEW_V0_1/ai_price_recommendation_explanation_v0_1.csv,true,1002380,3712,880ac7a21bb99462284e6fc690535ea08b4a54454f4ca23e2a369a868fa85141,2026-07-07T15:57:46,construction_cost_knowledge_engine/data/private/reference_extraction/runs/SOURCE_BASELINE_LOCK_1/GD2018_normalized_full_quota_parse_review/gd2018_normalized_quota_items_full_review.csv;construction_cost_knowledge_engine/data/private/reference_extraction/runs/SOURCE_BASELINE_LOCK_1/GD2018_normalized_full_quota_parse_review/gd2018_normalized_pricing_fields_full_review.csv;construction_cost_knowledge_engine/data/private/reference_extraction/runs/PRICE_SOURCE_REFRESH_AND_MARKET_BASELINE_1/internal_price_item_candidate_v2.csv;construction_cost_knowledge_engine/data/private/reference_extraction/runs/PRICE_SOURCE_REFRESH_AND_MARKET_BASELINE_1/internal_price_unit_normalized_v2.csv;construction_cost_knowledge_engine/data/private/reference_extraction/runs/PRICE_SOURCE_REFRESH_AND_MARKET_BASELINE_1/market_price_normalized_items.csv;construction_cost_knowledge_engine/data/private/reference_extraction/runs/ENTERPRISE_PRICE_TO_GD_QUOTA_ALIGNMENT_1/internal_price_to_gd_quota_candidate.csv;construction_cost_knowledge_engine/data/private/reference_extraction/runs/ENTERPRISE_PRICE_TO_GD_QUOTA_ALIGNMENT_1/gd_quota_price_coverage_matrix_3712.csv,true,true,construction_cost_knowledge_engine/data/private/reference_extraction/backups/runs_backup_after_ENTERPRISE_QUOTA_MANUAL_PRICING_REVIEW_V0_1,generated_pending_review,manual pricing review artifact; no approved; no database write; no locked internal price id
ENTERPRISE_QUOTA_MANUAL_PRICING_REVIEW_V0_1,manual_pricing_review_dashboard.csv,construction_cost_knowledge_engine/data/private/reference_extraction/runs/ENTERPRISE_QUOTA_MANUAL_PRICING_REVIEW_V0_1/manual_pricing_review_dashboard.csv,true,1952,18,15a31a45cc9ca2c33706e5468abd9286d4204b0c7b126b6f573fd0d2a244f567,2026-07-07T15:57:46,construction_cost_knowledge_engine/data/private/reference_extraction/runs/SOURCE_BASELINE_LOCK_1/GD2018_normalized_full_quota_parse_review/gd2018_normalized_quota_items_full_review.csv;construction_cost_knowledge_engine/data/private/reference_extraction/runs/SOURCE_BASELINE_LOCK_1/GD2018_normalized_full_quota_parse_review/gd2018_normalized_pricing_fields_full_review.csv;construction_cost_knowledge_engine/data/private/reference_extraction/runs/PRICE_SOURCE_REFRESH_AND_MARKET_BASELINE_1/internal_price_item_candidate_v2.csv;construction_cost_knowledge_engine/data/private/reference_extraction/runs/PRICE_SOURCE_REFRESH_AND_MARKET_BASELINE_1/internal_price_unit_normalized_v2.csv;construction_cost_knowledge_engine/data/private/reference_extraction/runs/PRICE_SOURCE_REFRESH_AND_MARKET_BASELINE_1/market_price_normalized_items.csv;construction_cost_knowledge_engine/data/private/reference_extraction/runs/ENTERPRISE_PRICE_TO_GD_QUOTA_ALIGNMENT_1/internal_price_to_gd_quota_candidate.csv;construction_cost_knowledge_engine/data/private/reference_extraction/runs/ENTERPRISE_PRICE_TO_GD_QUOTA_ALIGNMENT_1/gd_quota_price_coverage_matrix_3712.csv,true,true,construction_cost_knowledge_engine/data/private/reference_extraction/backups/runs_backup_after_ENTERPRISE_QUOTA_MANUAL_PRICING_REVIEW_V0_1,generated_pending_review,manual pricing review artifact; no approved; no database write; no locked internal price id
ENTERPRISE_QUOTA_MANUAL_PRICING_REVIEW_V0_1,Enterprise_Quota_Manual_Pricing_Review_V0_1.xlsx,construction_cost_knowledge_engine/data/private/reference_extraction/runs/ENTERPRISE_QUOTA_MANUAL_PRICING_REVIEW_V0_1/Enterprise_Quota_Manual_Pricing_Review_V0_1.xlsx,true,1784302,17191,2d9eb14cea286c6447b097d311f2a19c17db6ab0faefcaf94ae96487709a72e0,2026-07-07T15:58:42,construction_cost_knowledge_engine/data/private/reference_extraction/runs/SOURCE_BASELINE_LOCK_1/GD2018_normalized_full_quota_parse_review/gd2018_normalized_quota_items_full_review.csv;construction_cost_knowledge_engine/data/private/reference_extraction/runs/SOURCE_BASELINE_LOCK_1/GD2018_normalized_full_quota_parse_review/gd2018_normalized_pricing_fields_full_review.csv;construction_cost_knowledge_engine/data/private/reference_extraction/runs/PRICE_SOURCE_REFRESH_AND_MARKET_BASELINE_1/internal_price_item_candidate_v2.csv;construction_cost_knowledge_engine/data/private/reference_extraction/runs/PRICE_SOURCE_REFRESH_AND_MARKET_BASELINE_1/internal_price_unit_normalized_v2.csv;construction_cost_knowledge_engine/data/private/reference_extraction/runs/PRICE_SOURCE_REFRESH_AND_MARKET_BASELINE_1/market_price_normalized_items.csv;construction_cost_knowledge_engine/data/private/reference_extraction/runs/ENTERPRISE_PRICE_TO_GD_QUOTA_ALIGNMENT_1/internal_price_to_gd_quota_candidate.csv;construction_cost_knowledge_engine/data/private/reference_extraction/runs/ENTERPRISE_PRICE_TO_GD_QUOTA_ALIGNMENT_1/gd_quota_price_coverage_matrix_3712.csv,true,true,construction_cost_knowledge_engine/data/private/reference_extraction/backups/runs_backup_after_ENTERPRISE_QUOTA_MANUAL_PRICING_REVIEW_V0_1,generated_pending_review,manual pricing review artifact; no approved; no database write; no locked internal price id
ENTERPRISE_QUOTA_MANUAL_PRICING_REVIEW_V0_1,stage_enterprise_quota_manual_pricing_review_v0_1_report.md,construction_cost_knowledge_engine/data/private/reference_extraction/runs/ENTERPRISE_QUOTA_MANUAL_PRICING_REVIEW_V0_1/stage_enterprise_quota_manual_pricing_review_v0_1_report.md,true,2846,,308465fc9788b8854d2c609e1b353c43cf9a12ac8a2852701788bf6f32111b1b,2026-07-07T15:58:42,construction_cost_knowledge_engine/data/private/reference_extraction/runs/SOURCE_BASELINE_LOCK_1/GD2018_normalized_full_quota_parse_review/gd2018_normalized_quota_items_full_review.csv;construction_cost_knowledge_engine/data/private/reference_extraction/runs/SOURCE_BASELINE_LOCK_1/GD2018_normalized_full_quota_parse_review/gd2018_normalized_pricing_fields_full_review.csv;construction_cost_knowledge_engine/data/private/reference_extraction/runs/PRICE_SOURCE_REFRESH_AND_MARKET_BASELINE_1/internal_price_item_candidate_v2.csv;construction_cost_knowledge_engine/data/private/reference_extraction/runs/PRICE_SOURCE_REFRESH_AND_MARKET_BASELINE_1/internal_price_unit_normalized_v2.csv;construction_cost_knowledge_engine/data/private/reference_extraction/runs/PRICE_SOURCE_REFRESH_AND_MARKET_BASELINE_1/market_price_normalized_items.csv;construction_cost_knowledge_engine/data/private/reference_extraction/runs/ENTERPRISE_PRICE_TO_GD_QUOTA_ALIGNMENT_1/internal_price_to_gd_quota_candidate.csv;construction_cost_knowledge_engine/data/private/reference_extraction/runs/ENTERPRISE_PRICE_TO_GD_QUOTA_ALIGNMENT_1/gd_quota_price_coverage_matrix_3712.csv,true,true,construction_cost_knowledge_engine/data/private/reference_extraction/backups/runs_backup_after_ENTERPRISE_QUOTA_MANUAL_PRICING_REVIEW_V0_1,generated_pending_review,manual pricing review artifact; no approved; no database write; no locked internal price id
WEB_COLLAB_READONLY_TREE_PROTOTYPE_1,web_bill_tree_nodes.csv,construction_cost_knowledge_engine/data/private/reference_extraction/runs/WEB_COLLAB_READONLY_TREE_PROTOTYPE_1/web_bill_tree_nodes.csv,true,215959,472,aa11915c4b0a0fd92c7b2bfd08114941ff10e80122531039ff4606ad3b9ffd25,2026-07-07T16:56:42,construction_cost_knowledge_engine/data/private/reference_extraction/runs/SOURCE_BASELINE_LOCK_1/GB50854_2024_full_standard_parse_review/gb50854_bill_items_full_review.csv;construction_cost_knowledge_engine/data/private/reference_extraction/runs/SOURCE_BASELINE_LOCK_1/GD2018_normalized_full_quota_parse_review/gd2018_normalized_quota_items_full_review.csv;construction_cost_knowledge_engine/data/private/reference_extraction/runs/MAP_FULL_GOVERNANCE_REFERENCE_1/full_bill_to_quota_matrix_472.csv;construction_cost_knowledge_engine/data/private/reference_extraction/runs/MAP_FULL_GOVERNANCE_REFERENCE_1/full_bill_to_quota_detail_reference.csv;construction_cost_knowledge_engine/data/private/reference_extraction/runs/ENTERPRISE_PRICE_TO_GD_QUOTA_ALIGNMENT_1/enterprise_supplement_item_candidate.csv;construction_cost_knowledge_engine/data/private/reference_extraction/runs/ENTERPRISE_QUOTA_MANUAL_PRICING_REVIEW_V0_1/enterprise_quota_manual_pricing_review_v0_1.csv,true,true,construction_cost_knowledge_engine/data/private/reference_extraction/backups/runs_backup_after_WEB_COLLAB_READONLY_TREE_PROTOTYPE_1,generated_readonly_prototype,readonly Web prototype artifact; no approved; no audit write-back; no baseline mutation
WEB_COLLAB_READONLY_TREE_PROTOTYPE_1,web_bill_quota_edges.csv,construction_cost_knowledge_engine/data/private/reference_extraction/runs/WEB_COLLAB_READONLY_TREE_PROTOTYPE_1/web_bill_quota_edges.csv,true,4884722,16058,02c079fb4fae27200db9dbd23729a536037079fd4ee36660d8329684dcca1ea5,2026-07-07T16:56:42,construction_cost_knowledge_engine/data/private/reference_extraction/runs/SOURCE_BASELINE_LOCK_1/GB50854_2024_full_standard_parse_review/gb50854_bill_items_full_review.csv;construction_cost_knowledge_engine/data/private/reference_extraction/runs/SOURCE_BASELINE_LOCK_1/GD2018_normalized_full_quota_parse_review/gd2018_normalized_quota_items_full_review.csv;construction_cost_knowledge_engine/data/private/reference_extraction/runs/MAP_FULL_GOVERNANCE_REFERENCE_1/full_bill_to_quota_matrix_472.csv;construction_cost_knowledge_engine/data/private/reference_extraction/runs/MAP_FULL_GOVERNANCE_REFERENCE_1/full_bill_to_quota_detail_reference.csv;construction_cost_knowledge_engine/data/private/reference_extraction/runs/ENTERPRISE_PRICE_TO_GD_QUOTA_ALIGNMENT_1/enterprise_supplement_item_candidate.csv;construction_cost_knowledge_engine/data/private/reference_extraction/runs/ENTERPRISE_QUOTA_MANUAL_PRICING_REVIEW_V0_1/enterprise_quota_manual_pricing_review_v0_1.csv,true,true,construction_cost_knowledge_engine/data/private/reference_extraction/backups/runs_backup_after_WEB_COLLAB_READONLY_TREE_PROTOTYPE_1,generated_readonly_prototype,readonly Web prototype artifact; no approved; no audit write-back; no baseline mutation
WEB_COLLAB_READONLY_TREE_PROTOTYPE_1,web_quota_display_rows.csv,construction_cost_knowledge_engine/data/private/reference_extraction/runs/WEB_COLLAB_READONLY_TREE_PROTOTYPE_1/web_quota_display_rows.csv,true,618478,3712,b56f2772f253cb649994bec18d48905098a70a1eb44500d574fa4baa52f41ce2,2026-07-07T16:56:42,construction_cost_knowledge_engine/data/private/reference_extraction/runs/SOURCE_BASELINE_LOCK_1/GB50854_2024_full_standard_parse_review/gb50854_bill_items_full_review.csv;construction_cost_knowledge_engine/data/private/reference_extraction/runs/SOURCE_BASELINE_LOCK_1/GD2018_normalized_full_quota_parse_review/gd2018_normalized_quota_items_full_review.csv;construction_cost_knowledge_engine/data/private/reference_extraction/runs/MAP_FULL_GOVERNANCE_REFERENCE_1/full_bill_to_quota_matrix_472.csv;construction_cost_knowledge_engine/data/private/reference_extraction/runs/MAP_FULL_GOVERNANCE_REFERENCE_1/full_bill_to_quota_detail_reference.csv;construction_cost_knowledge_engine/data/private/reference_extraction/runs/ENTERPRISE_PRICE_TO_GD_QUOTA_ALIGNMENT_1/enterprise_supplement_item_candidate.csv;construction_cost_knowledge_engine/data/private/reference_extraction/runs/ENTERPRISE_QUOTA_MANUAL_PRICING_REVIEW_V0_1/enterprise_quota_manual_pricing_review_v0_1.csv,true,true,construction_cost_knowledge_engine/data/private/reference_extraction/backups/runs_backup_after_WEB_COLLAB_READONLY_TREE_PROTOTYPE_1,generated_readonly_prototype,readonly Web prototype artifact; no approved; no audit write-back; no baseline mutation
WEB_COLLAB_READONLY_TREE_PROTOTYPE_1,web_supplement_display_rows.csv,construction_cost_knowledge_engine/data/private/reference_extraction/runs/WEB_COLLAB_READONLY_TREE_PROTOTYPE_1/web_supplement_display_rows.csv,true,20848,136,f978043b2012c70611f1c56aab04ea334da9ff47ddd0c5c33e2bdb85e938d8ce,2026-07-07T16:56:42,construction_cost_knowledge_engine/data/private/reference_extraction/runs/SOURCE_BASELINE_LOCK_1/GB50854_2024_full_standard_parse_review/gb50854_bill_items_full_review.csv;construction_cost_knowledge_engine/data/private/reference_extraction/runs/SOURCE_BASELINE_LOCK_1/GD2018_normalized_full_quota_parse_review/gd2018_normalized_quota_items_full_review.csv;construction_cost_knowledge_engine/data/private/reference_extraction/runs/MAP_FULL_GOVERNANCE_REFERENCE_1/full_bill_to_quota_matrix_472.csv;construction_cost_knowledge_engine/data/private/reference_extraction/runs/MAP_FULL_GOVERNANCE_REFERENCE_1/full_bill_to_quota_detail_reference.csv;construction_cost_knowledge_engine/data/private/reference_extraction/runs/ENTERPRISE_PRICE_TO_GD_QUOTA_ALIGNMENT_1/enterprise_supplement_item_candidate.csv;construction_cost_knowledge_engine/data/private/reference_extraction/runs/ENTERPRISE_QUOTA_MANUAL_PRICING_REVIEW_V0_1/enterprise_quota_manual_pricing_review_v0_1.csv,true,true,construction_cost_knowledge_engine/data/private/reference_extraction/backups/runs_backup_after_WEB_COLLAB_READONLY_TREE_PROTOTYPE_1,generated_readonly_prototype,readonly Web prototype artifact; no approved; no audit write-back; no baseline mutation
WEB_COLLAB_READONLY_TREE_PROTOTYPE_1,web_view_model_build_report.md,construction_cost_knowledge_engine/data/private/reference_extraction/runs/WEB_COLLAB_READONLY_TREE_PROTOTYPE_1/web_view_model_build_report.md,true,462,,a3e60a1f6068be6e002ac0690295006d92f4c22e8bd3708b0af7e3a87d92b524,2026-07-07T16:56:42,construction_cost_knowledge_engine/data/private/reference_extraction/runs/SOURCE_BASELINE_LOCK_1/GB50854_2024_full_standard_parse_review/gb50854_bill_items_full_review.csv;construction_cost_knowledge_engine/data/private/reference_extraction/runs/SOURCE_BASELINE_LOCK_1/GD2018_normalized_full_quota_parse_review/gd2018_normalized_quota_items_full_review.csv;construction_cost_knowledge_engine/data/private/reference_extraction/runs/MAP_FULL_GOVERNANCE_REFERENCE_1/full_bill_to_quota_matrix_472.csv;construction_cost_knowledge_engine/data/private/reference_extraction/runs/MAP_FULL_GOVERNANCE_REFERENCE_1/full_bill_to_quota_detail_reference.csv;construction_cost_knowledge_engine/data/private/reference_extraction/runs/ENTERPRISE_PRICE_TO_GD_QUOTA_ALIGNMENT_1/enterprise_supplement_item_candidate.csv;construction_cost_knowledge_engine/data/private/reference_extraction/runs/ENTERPRISE_QUOTA_MANUAL_PRICING_REVIEW_V0_1/enterprise_quota_manual_pricing_review_v0_1.csv,true,true,construction_cost_knowledge_engine/data/private/reference_extraction/backups/runs_backup_after_WEB_COLLAB_READONLY_TREE_PROTOTYPE_1,generated_readonly_prototype,readonly Web prototype artifact; no approved; no audit write-back; no baseline mutation
WEB_COLLAB_READONLY_TREE_PROTOTYPE_1,stage_web_collab_readonly_tree_prototype_report.md,construction_cost_knowledge_engine/data/private/reference_extraction/runs/WEB_COLLAB_READONLY_TREE_PROTOTYPE_1/stage_web_collab_readonly_tree_prototype_report.md,true,1911,,da5ee331a312572c2f14704f711cebb25ad43bf9654dd91fb556763156230e30,2026-07-07T16:56:42,construction_cost_knowledge_engine/data/private/reference_extraction/runs/SOURCE_BASELINE_LOCK_1/GB50854_2024_full_standard_parse_review/gb50854_bill_items_full_review.csv;construction_cost_knowledge_engine/data/private/reference_extraction/runs/SOURCE_BASELINE_LOCK_1/GD2018_normalized_full_quota_parse_review/gd2018_normalized_quota_items_full_review.csv;construction_cost_knowledge_engine/data/private/reference_extraction/runs/MAP_FULL_GOVERNANCE_REFERENCE_1/full_bill_to_quota_matrix_472.csv;construction_cost_knowledge_engine/data/private/reference_extraction/runs/MAP_FULL_GOVERNANCE_REFERENCE_1/full_bill_to_quota_detail_reference.csv;construction_cost_knowledge_engine/data/private/reference_extraction/runs/ENTERPRISE_PRICE_TO_GD_QUOTA_ALIGNMENT_1/enterprise_supplement_item_candidate.csv;construction_cost_knowledge_engine/data/private/reference_extraction/runs/ENTERPRISE_QUOTA_MANUAL_PRICING_REVIEW_V0_1/enterprise_quota_manual_pricing_review_v0_1.csv,true,true,construction_cost_knowledge_engine/data/private/reference_extraction/backups/runs_backup_after_WEB_COLLAB_READONLY_TREE_PROTOTYPE_1,generated_readonly_prototype,readonly Web prototype artifact; no approved; no audit write-back; no baseline mutation
WEB_COLLAB_READONLY_TREE_PROTOTYPE_1,web_collab_readonly.sqlite,construction_cost_knowledge_engine/web_collab_prototype/data/web_collab_readonly.sqlite,true,6746112,20378,e2c1a2f878f457d6d2a0d0bd7cb0def33f3f261340d7cacf68a2ee1dd199b8cf,2026-07-07T16:56:42,construction_cost_knowledge_engine/data/private/reference_extraction/runs/SOURCE_BASELINE_LOCK_1/GB50854_2024_full_standard_parse_review/gb50854_bill_items_full_review.csv;construction_cost_knowledge_engine/data/private/reference_extraction/runs/SOURCE_BASELINE_LOCK_1/GD2018_normalized_full_quota_parse_review/gd2018_normalized_quota_items_full_review.csv;construction_cost_knowledge_engine/data/private/reference_extraction/runs/MAP_FULL_GOVERNANCE_REFERENCE_1/full_bill_to_quota_matrix_472.csv;construction_cost_knowledge_engine/data/private/reference_extraction/runs/MAP_FULL_GOVERNANCE_REFERENCE_1/full_bill_to_quota_detail_reference.csv;construction_cost_knowledge_engine/data/private/reference_extraction/runs/ENTERPRISE_PRICE_TO_GD_QUOTA_ALIGNMENT_1/enterprise_supplement_item_candidate.csv;construction_cost_knowledge_engine/data/private/reference_extraction/runs/ENTERPRISE_QUOTA_MANUAL_PRICING_REVIEW_V0_1/enterprise_quota_manual_pricing_review_v0_1.csv,true,true,construction_cost_knowledge_engine/data/private/reference_extraction/backups/runs_backup_after_WEB_COLLAB_READONLY_TREE_PROTOTYPE_1,generated_readonly_prototype,readonly Web prototype artifact; no approved; no audit write-back; no baseline mutation
WEB_COLLAB_REVIEW_WRITEBACK_PROTOTYPE_1,web_tree_hierarchy.csv,data/private/reference_extraction/runs/WEB_COLLAB_REVIEW_WRITEBACK_PROTOTYPE_1/web_tree_hierarchy.csv,true,80517,568,06720fe86a489cc7f24559f5ee178d10befe744144a4eefe7e3cbbfa6ce1e843,2026-07-07T18:02:04,source baseline lock + governance reference + enterprise price candidate,true,true,external_backup_required,ready,Web hierarchy tree for appendix/section/bill navigation
WEB_COLLAB_REVIEW_WRITEBACK_PROTOTYPE_1,web_price_review_draft_schema.csv,data/private/reference_extraction/runs/WEB_COLLAB_REVIEW_WRITEBACK_PROTOTYPE_1/web_price_review_draft_schema.csv,true,1320,19,af448ee6b22f546c26b917f035eba8112eba52174a13eae5971cde6f2297b534,2026-07-07T18:02:04,source baseline lock + governance reference + enterprise price candidate,true,true,external_backup_required,ready,SQLite draft/audit schema documentation
WEB_COLLAB_REVIEW_WRITEBACK_PROTOTYPE_1,web_review_writeback_test_export.csv,data/private/reference_extraction/runs/WEB_COLLAB_REVIEW_WRITEBACK_PROTOTYPE_1/web_review_writeback_test_export.csv,true,327,1,70facbf52ba3874c7d65640301fa85d9b0aee3ccd00d31309b6866dace636364,2026-07-07T18:02:04,source baseline lock + governance reference + enterprise price candidate,true,true,external_backup_required,ready,Prototype draft export CSV
WEB_COLLAB_REVIEW_WRITEBACK_PROTOTYPE_1,stage_web_collab_review_writeback_prototype_report.md,data/private/reference_extraction/runs/WEB_COLLAB_REVIEW_WRITEBACK_PROTOTYPE_1/stage_web_collab_review_writeback_prototype_report.md,true,2444,,f008d648a4c801a869a450efbf08438a31fad84b7ac4b4ccda8b41ac8873b7fe,2026-07-07T18:02:04,source baseline lock + governance reference + enterprise price candidate,true,true,external_backup_required,ready,Stage report
WEB_COLLAB_REVIEW_WRITEBACK_PROTOTYPE_1,web_collab_readonly.sqlite,web_collab_prototype/data/web_collab_readonly.sqlite,true,6746112,,101b76ff4e0154e12e4ab9e8986cec299094ea2c32c6d86929e6b6b8fe7924ff,2026-07-07T18:02:04,source baseline lock + governance reference + enterprise price candidate,true,true,external_backup_required,ready,Prototype SQLite with readonly baseline views plus draft/audit tables
WEB_COLLAB_PROTOTYPE_STABILIZATION_1,web_price_field_mapping_audit.csv,data/private/reference_extraction/runs/WEB_COLLAB_PROTOTYPE_STABILIZATION_1/web_price_field_mapping_audit.csv,true,4338,3,5104eec08dc3202f2bf628871406912cbf05c1273a75f7aa8eb0d238009975e4,2026-07-07T19:10:00,source baseline lock + governance reference + enterprise price candidate,true,true,external_backup_required,ready,prototype stabilization artifact
WEB_COLLAB_PROTOTYPE_STABILIZATION_1,web_price_display_quality_check.csv,data/private/reference_extraction/runs/WEB_COLLAB_PROTOTYPE_STABILIZATION_1/web_price_display_quality_check.csv,true,634,12,f5fb65f0e874bdc3caf19648556b097352257d6454e195af14cce9c0bba69278,2026-07-07T19:10:00,source baseline lock + governance reference + enterprise price candidate,true,true,external_backup_required,ready,prototype stabilization artifact
WEB_COLLAB_PROTOTYPE_STABILIZATION_1,web_tree_state_bugfix_check.csv,data/private/reference_extraction/runs/WEB_COLLAB_PROTOTYPE_STABILIZATION_1/web_tree_state_bugfix_check.csv,true,323,3,6cf982a9e483902186c1402824ef5971f1ca66e11d3a715fb440714536364043,2026-07-07T19:09:14,source baseline lock + governance reference + enterprise price candidate,true,true,external_backup_required,ready,prototype stabilization artifact
WEB_COLLAB_PROTOTYPE_STABILIZATION_1,web_use_province_price_check.csv,data/private/reference_extraction/runs/WEB_COLLAB_PROTOTYPE_STABILIZATION_1/web_use_province_price_check.csv,true,402,1,377a5b83d7ddd4938c46ee5ff807b876d3c77df75d81d5fa2549b6f8be058e8f,2026-07-07T19:09:14,source baseline lock + governance reference + enterprise price candidate,true,true,external_backup_required,ready,prototype stabilization artifact
WEB_COLLAB_PROTOTYPE_STABILIZATION_1,draft_persistence_guard_check.csv,data/private/reference_extraction/runs/WEB_COLLAB_PROTOTYPE_STABILIZATION_1/draft_persistence_guard_check.csv,true,612,10,0da1a3d6b1420994298b43215a346b5004542bbfe4b37c9fe2e6dc6e84bcb450,2026-07-07T19:09:14,source baseline lock + governance reference + enterprise price candidate,true,true,external_backup_required,ready,prototype stabilization artifact
WEB_COLLAB_PROTOTYPE_STABILIZATION_1,draft_autosave_test_result.csv,data/private/reference_extraction/runs/WEB_COLLAB_PROTOTYPE_STABILIZATION_1/draft_autosave_test_result.csv,true,212,1,b5fada16b9385912c5a4f25abe190c7c977b018dec1c2ba41c1d190b3de510dc,2026-07-07T19:09:14,source baseline lock + governance reference + enterprise price candidate,true,true,external_backup_required,ready,prototype stabilization artifact
WEB_COLLAB_PROTOTYPE_STABILIZATION_1,draft_export_snapshot_manifest.csv,data/private/reference_extraction/runs/WEB_COLLAB_PROTOTYPE_STABILIZATION_1/draft_export_snapshot_manifest.csv,true,347,1,0ff0b416c514796cc59b8c3fa516f09f939d9298cfbd6410840e0b7151405614,2026-07-07T19:09:14,source baseline lock + governance reference + enterprise price candidate,true,true,external_backup_required,ready,prototype stabilization artifact
WEB_COLLAB_PROTOTYPE_STABILIZATION_1,audit_log_export_snapshot_manifest.csv,data/private/reference_extraction/runs/WEB_COLLAB_PROTOTYPE_STABILIZATION_1/audit_log_export_snapshot_manifest.csv,true,338,1,f7c3683ba7907f8b8d6f757559b87d4d63185c5fdde45d1ca72504e6edadd3cc,2026-07-07T19:09:14,source baseline lock + governance reference + enterprise price candidate,true,true,external_backup_required,ready,prototype stabilization artifact
WEB_COLLAB_PROTOTYPE_STABILIZATION_1,stage_web_collab_prototype_stabilization_report.md,data/private/reference_extraction/runs/WEB_COLLAB_PROTOTYPE_STABILIZATION_1/stage_web_collab_prototype_stabilization_report.md,true,3213,,351bdf022a2c692fbec8fe2ad5e3aa52bb095ef382ca70d20e0cfca1543c9f7f,2026-07-07T19:10:00,source baseline lock + governance reference + enterprise price candidate,true,true,external_backup_required,ready,prototype stabilization artifact
WEB_COLLAB_PROTOTYPE_STABILIZATION_1,web_collab_readonly.sqlite,web_collab_prototype/data/web_collab_readonly.sqlite,true,6746112,,708c5615d990e527cdbc3a5d2df62f95d59795fd93a1b98bf6d0abb409eac204,2026-07-07T19:10:00,source baseline lock + governance reference + enterprise price candidate,true,true,external_backup_required,ready,prototype stabilization artifact
BID_COLLAB_READONLY_TREE_PROTOTYPE_1,import_bid_records_schema_audit.csv,construction_cost_knowledge_engine/data/private/reference_extraction/runs/BID_COLLAB_READONLY_TREE_PROTOTYPE_1/import_bid_records_schema_audit.csv,true,672,1,977d071576cba92ff67314871db295761424774033a24b31a0e88a6358c93b1f,2026-07-07T21:57:14,public.import_bid_records + web_collab_readonly.sqlite,true,true,external_backup_required,ready,bid readonly tree prototype artifact
BID_COLLAB_READONLY_TREE_PROTOTYPE_1,bid_item_code_normalization_audit.csv,construction_cost_knowledge_engine/data/private/reference_extraction/runs/BID_COLLAB_READONLY_TREE_PROTOTYPE_1/bid_item_code_normalization_audit.csv,true,84754,609,902465613c742a911d0d7adff87fcb87d1f5028cb89551ed98d85450bca2b242,2026-07-07T21:57:14,public.import_bid_records + web_collab_readonly.sqlite,true,true,external_backup_required,ready,bid readonly tree prototype artifact
BID_COLLAB_READONLY_TREE_PROTOTYPE_1,web_bid_tree_nodes.csv,construction_cost_knowledge_engine/data/private/reference_extraction/runs/BID_COLLAB_READONLY_TREE_PROTOTYPE_1/web_bid_tree_nodes.csv,true,225641,1017,b096333174dfd6b72c78e616e198e08a21117f28433a1df235485ca607201909,2026-07-07T21:57:14,public.import_bid_records + web_collab_readonly.sqlite,true,true,external_backup_required,ready,bid readonly tree prototype artifact
BID_COLLAB_READONLY_TREE_PROTOTYPE_1,web_bid_item_display_rows.csv,construction_cost_knowledge_engine/data/private/reference_extraction/runs/BID_COLLAB_READONLY_TREE_PROTOTYPE_1/web_bid_item_display_rows.csv,true,317262,609,e4ce352c139594ee7236fc0a79a1f11a3d913cead8eacb35154e7855dae512f6,2026-07-07T21:57:14,public.import_bid_records + web_collab_readonly.sqlite,true,true,external_backup_required,ready,bid readonly tree prototype artifact
BID_COLLAB_READONLY_TREE_PROTOTYPE_1,web_bid_item_to_bill_edges.csv,construction_cost_knowledge_engine/data/private/reference_extraction/runs/BID_COLLAB_READONLY_TREE_PROTOTYPE_1/web_bid_item_to_bill_edges.csv,true,62232,609,224c1f93f04c782bd76e04033b67d849391ed54ed4f551c4dac01ac29f728712,2026-07-07T21:57:14,public.import_bid_records + web_collab_readonly.sqlite,true,true,external_backup_required,ready,bid readonly tree prototype artifact
BID_COLLAB_READONLY_TREE_PROTOTYPE_1,web_bid_item_quota_candidate_rows.csv,construction_cost_knowledge_engine/data/private/reference_extraction/runs/BID_COLLAB_READONLY_TREE_PROTOTYPE_1/web_bid_item_quota_candidate_rows.csv,true,10030589,27814,8118da95f2458885879e0734efd3fb90304e8d3bb7e5e2aedc144652019279a4,2026-07-07T21:57:14,public.import_bid_records + web_collab_readonly.sqlite,true,true,external_backup_required,ready,bid readonly tree prototype artifact
BID_COLLAB_READONLY_TREE_PROTOTYPE_1,bid_readonly_tree_smoke_result.csv,construction_cost_knowledge_engine/data/private/reference_extraction/runs/BID_COLLAB_READONLY_TREE_PROTOTYPE_1/bid_readonly_tree_smoke_result.csv,true,1036,15,ff19f1d45443cab63597d44cb14706720b5a7ce64fc13cab332a4a63c9c67272,2026-07-07T22:06:06,public.import_bid_records + web_collab_readonly.sqlite,true,true,external_backup_required,ready,bid readonly tree prototype artifact
BID_COLLAB_READONLY_TREE_PROTOTYPE_1,stage_bid_collab_readonly_tree_prototype_report.md,construction_cost_knowledge_engine/data/private/reference_extraction/runs/BID_COLLAB_READONLY_TREE_PROTOTYPE_1/stage_bid_collab_readonly_tree_prototype_report.md,true,2724,,6e151d53d2e7379df6b1cd2543cbbf9c76d5f80b2beced8e1462692578742201,2026-07-07T22:08:20,public.import_bid_records + web_collab_readonly.sqlite,true,true,external_backup_required,ready,bid readonly tree prototype artifact
BID_COLLAB_READONLY_TREE_PROTOTYPE_1,web_collab_readonly.sqlite,construction_cost_knowledge_engine/web_collab_prototype/data/web_collab_readonly.sqlite,true,17678336,,d705aeb034a0ce8b3c845f4fd610c69ba671aee96f0fde2bdc97971f66effa74,2026-07-07T22:06:06,public.import_bid_records + web_collab_readonly.sqlite,true,true,external_backup_required,ready,bid readonly tree prototype artifact
BID_COLLAB_READONLY_TREE_PROTOTYPE_1,build_bid_view_model.py,construction_cost_knowledge_engine/web_collab_prototype/build_bid_view_model.py,true,27312,,ff40b7176ae9f52a791a6b31bb73d227c9923549f1195388e428dfbcecd5c0f1,2026-07-07T21:56:46,public.import_bid_records + web_collab_readonly.sqlite,true,true,external_backup_required,ready,bid readonly tree prototype artifact
BID_COLLAB_READONLY_TREE_PROTOTYPE_1,bid_index.html,construction_cost_knowledge_engine/web_collab_prototype/templates/bid_index.html,true,3989,,8d2ec56365e076fff14832154d1075067d789f4f2c4f3d05d95437a56445a3c2,2026-07-07T21:58:10,public.import_bid_records + web_collab_readonly.sqlite,true,true,external_backup_required,ready,bid readonly tree prototype artifact
BID_COLLAB_READONLY_TREE_PROTOTYPE_1,bid_app.js,construction_cost_knowledge_engine/web_collab_prototype/static/bid_app.js,true,10815,,116eb06989892654f2841a03c741ade568d89a398bdda3d74ae7b2ce22e78a91,2026-07-07T22:08:04,public.import_bid_records + web_collab_readonly.sqlite,true,true,external_backup_required,ready,bid readonly tree prototype artifact
BID_COLLAB_READONLY_TREE_PROTOTYPE_1,bid_style.css,construction_cost_knowledge_engine/web_collab_prototype/static/bid_style.css,true,6300,,53cf7c7b69a7da63fc5663026eda8b3e9208fbfb259c97314f0d17cefd4b1ae3,2026-07-07T22:00:06,public.import_bid_records + web_collab_readonly.sqlite,true,true,external_backup_required,ready,bid readonly tree prototype artifact
BID_COLLAB_UI_STRUCTURE_ALIGNMENT_1,bid_code_name_consistency_audit.csv,construction_cost_knowledge_engine/data/private/reference_extraction/runs/BID_COLLAB_UI_STRUCTURE_ALIGNMENT_1/bid_code_name_consistency_audit.csv,true,129954,609,319c18ddbe116803aac790b56f08ced11b472d37af29a3da166909bf637da1a6,2026-07-07T23:21:22,BID readonly view model + GB/T bill names,true,false,,generated_consistency_audit,UI structure alignment stage; bid page remains readonly and does not generate approved output
BID_COLLAB_UI_STRUCTURE_ALIGNMENT_1,web_bid_candidate_pool_ranked.csv,construction_cost_knowledge_engine/data/private/reference_extraction/runs/BID_COLLAB_UI_STRUCTURE_ALIGNMENT_1/web_bid_candidate_pool_ranked.csv,true,12248739,27814,bf713cbcc6b8dd0ce9418fad1f13a79ad6d8a881e7a63a61f1d75b08c7467abc,2026-07-07T23:07:56,web_bid_item_quota_candidate_rows.csv,true,false,,generated_ranked_candidate_pool,UI structure alignment stage; bid page remains readonly and does not generate approved output
BID_COLLAB_UI_STRUCTURE_ALIGNMENT_1,bid_candidate_ranking_audit.csv,construction_cost_knowledge_engine/data/private/reference_extraction/runs/BID_COLLAB_UI_STRUCTURE_ALIGNMENT_1/bid_candidate_ranking_audit.csv,true,84687,607,e8aae885586ec631acadd765783506af6057e6b4d794d29989a9ed85e8e5b407,2026-07-07T23:07:56,web_bid_candidate_pool_ranked.csv,true,false,,generated_ranking_audit,UI structure alignment stage; bid page remains readonly and does not generate approved output
BID_COLLAB_UI_STRUCTURE_ALIGNMENT_1,web_bid_composition_preview_rows.csv,construction_cost_knowledge_engine/data/private/reference_extraction/runs/BID_COLLAB_UI_STRUCTURE_ALIGNMENT_1/web_bid_composition_preview_rows.csv,true,2144193,3832,2953bb12054f95f51f25350c1662ed97313bb71567b4109512b97b7a45de7aea,2026-07-07T23:07:56,web_bid_item_display_rows.csv + ranked candidate pool,true,false,,generated_composition_preview,UI structure alignment stage; bid page remains readonly and does not generate approved output
BID_COLLAB_UI_STRUCTURE_ALIGNMENT_1,bid_ui_structure_alignment_check.csv,construction_cost_knowledge_engine/data/private/reference_extraction/runs/BID_COLLAB_UI_STRUCTURE_ALIGNMENT_1/bid_ui_structure_alignment_check.csv,true,1296,17,460ad191a2f8db7486ed111f70d41d3020a09a38f9ee75350ef6ee98adece9a4,2026-07-07T23:23:32,web_collab_prototype/smoke.py,true,false,,smoke_passed,UI structure alignment stage; bid page remains readonly and does not generate approved output
BID_COLLAB_UI_STRUCTURE_ALIGNMENT_1,bid_workbench_layout_density_check.csv,construction_cost_knowledge_engine/data/private/reference_extraction/runs/BID_COLLAB_UI_STRUCTURE_ALIGNMENT_1/bid_workbench_layout_density_check.csv,true,1971,16,f08b6862f44b2c573ee332bb57524f8546e75f97568fc69aeef6ea46905dffb1,2026-07-07T23:29:02,bid_index.html + bid_app.js + bid_style.css,true,false,,layout_density_passed,UI structure alignment stage; bid page remains readonly and does not generate approved output
BID_COLLAB_UI_STRUCTURE_ALIGNMENT_1,stage_bid_collab_ui_structure_alignment_report.md,construction_cost_knowledge_engine/data/private/reference_extraction/runs/BID_COLLAB_UI_STRUCTURE_ALIGNMENT_1/stage_bid_collab_ui_structure_alignment_report.md,true,3523,,6a4aeeffc7c7685179c5f98a02f4f440810d333d7b66df998022c6807347febf,2026-07-07T23:29:50,stage artifacts,true,false,,ready,UI structure alignment stage; bid page remains readonly and does not generate approved output
BID_COLLAB_UI_STRUCTURE_ALIGNMENT_1,app.py,construction_cost_knowledge_engine/web_collab_prototype/app.py,true,32966,,bb11674de3356b41697a1a83e9ad7b35e5b3de048c9e4b12ae8b0763973b74a8,2026-07-07T23:09:14,local source update,true,false,,ready,UI structure alignment stage; bid page remains readonly and does not generate approved output
BID_COLLAB_UI_STRUCTURE_ALIGNMENT_1,smoke.py,construction_cost_knowledge_engine/web_collab_prototype/smoke.py,true,10160,,66e2031bec8cf72d9c37925ba017fd7ab1da40876586772a8a798667c7e9f768,2026-07-07T23:15:36,local source update,true,false,,ready,UI structure alignment stage; bid page remains readonly and does not generate approved output
BID_COLLAB_UI_STRUCTURE_ALIGNMENT_1,bid_index.html,construction_cost_knowledge_engine/web_collab_prototype/templates/bid_index.html,true,7541,,c15ecfa7a41de1a9ea20d116286b420365268fffba11639a39ee80bddd04cbbe,2026-07-07T23:11:00,local source update,true,false,,ready,UI structure alignment stage; bid page remains readonly and does not generate approved output
BID_COLLAB_UI_STRUCTURE_ALIGNMENT_1,bid_app.js,construction_cost_knowledge_engine/web_collab_prototype/static/bid_app.js,true,18893,,7bbce5e37a7d996ff6e752a140f79d9b41b7f0c1f3d18f1a8b2a22a52eb290f1,2026-07-07T23:12:46,local source update,true,false,,ready,UI structure alignment stage; bid page remains readonly and does not generate approved output
BID_COLLAB_UI_STRUCTURE_ALIGNMENT_1,bid_style.css,construction_cost_knowledge_engine/web_collab_prototype/static/bid_style.css,true,8408,,2a275acd4d6b54e880c911497a43b59f570e6e3708350733d0c0ec2c995ed5f8,2026-07-07T23:14:00,local source update,true,false,,ready,UI structure alignment stage; bid page remains readonly and does not generate approved output
BID_COLLAB_UI_STRUCTURE_ALIGNMENT_1,README.md,construction_cost_knowledge_engine/web_collab_prototype/README.md,true,5826,,c93caf13edc66d54e3db27db87b3492c64c458a36f4c64ae38d289d32f533b4a,2026-07-07T23:22:24,local documentation update,true,false,,ready,UI structure alignment stage; bid page remains readonly and does not generate approved output
BID_COLLAB_STANDARD_FIRST_STRUCTURE_1,web_gb_standard_tree_nodes.csv,construction_cost_knowledge_engine/data/private/reference_extraction/runs/BID_COLLAB_STANDARD_FIRST_STRUCTURE_1/web_gb_standard_tree_nodes.csv,true,141860,572,74572c29ee46a0573db2312745e2f4adc665453d11dcc2e07be8e186bf3cccc8,2026-07-07T23:50:24,GB50854 full baseline + BID readonly view model,true,false,,generated_standard_tree,standard-first bid structure; readonly preview only; no approved output or bid mapping draft
BID_COLLAB_STANDARD_FIRST_STRUCTURE_1,web_gb_bill_bid_item_rows.csv,construction_cost_knowledge_engine/data/private/reference_extraction/runs/BID_COLLAB_STANDARD_FIRST_STRUCTURE_1/web_gb_bill_bid_item_rows.csv,true,484440,609,2cd67dfd510335da0813205ba0bc0d93b9c4d3aaebbc5d0471ac5837fdc0853f,2026-07-07T23:50:24,web_bid_item_display_rows.csv + GB50854 full baseline,true,false,,generated_bid_item_grouping,standard-first bid structure; readonly preview only; no approved output or bid mapping draft
BID_COLLAB_STANDARD_FIRST_STRUCTURE_1,web_gb_bill_quota_composition_rows.csv,construction_cost_knowledge_engine/data/private/reference_extraction/runs/BID_COLLAB_STANDARD_FIRST_STRUCTURE_1/web_gb_bill_quota_composition_rows.csv,true,1203694,4305,e7d6b3b9b835677f1698e17bae47188d75d51c7e8a355ebd93e396cdadfd8b83,2026-07-07T23:50:24,ranked candidate pool + full bill-quota mapping reference,true,false,,generated_composition_rows,standard-first bid structure; readonly preview only; no approved output or bid mapping draft
BID_COLLAB_STANDARD_FIRST_STRUCTURE_1,web_bid_source_filter_nodes.csv,construction_cost_knowledge_engine/data/private/reference_extraction/runs/BID_COLLAB_STANDARD_FIRST_STRUCTURE_1/web_bid_source_filter_nodes.csv,true,23232,96,947d781e8c8ea498582fd938a4fda2de08b26ef76b73f754d5a25c52a6b7e92c,2026-07-07T23:50:24,web_bid_tree_nodes.csv,true,false,,generated_source_filters,standard-first bid structure; readonly preview only; no approved output or bid mapping draft
BID_COLLAB_STANDARD_FIRST_STRUCTURE_1,bid_standard_first_structure_check.csv,construction_cost_knowledge_engine/data/private/reference_extraction/runs/BID_COLLAB_STANDARD_FIRST_STRUCTURE_1/bid_standard_first_structure_check.csv,true,1457,19,df7c66943cc64ad46c2d182785b6769bb89fff03df3b270df2a9332d1e77b2c0,2026-07-07T23:58:18,web_collab_prototype/smoke.py,true,false,,smoke_passed,standard-first bid structure; readonly preview only; no approved output or bid mapping draft
BID_COLLAB_STANDARD_FIRST_STRUCTURE_1,stage_bid_collab_standard_first_structure_report.md,construction_cost_knowledge_engine/data/private/reference_extraction/runs/BID_COLLAB_STANDARD_FIRST_STRUCTURE_1/stage_bid_collab_standard_first_structure_report.md,true,3688,,0ed524a5918792e07590d1b7cf7c64b1a249b39790da6b84322794fa392e0900,2026-07-07T23:57:26,stage artifacts,true,false,,ready,standard-first bid structure; readonly preview only; no approved output or bid mapping draft
BID_COLLAB_STANDARD_FIRST_STRUCTURE_1,app.py,construction_cost_knowledge_engine/web_collab_prototype/app.py,true,40243,,8bb57e5cafaea7bceb84e02460a71b1d85b9fe624d95c2d99765dd4ce1bc4c1e,2026-07-07T23:51:22,local source update,true,false,,ready,standard-first bid structure; readonly preview only; no approved output or bid mapping draft
BID_COLLAB_STANDARD_FIRST_STRUCTURE_1,smoke.py,construction_cost_knowledge_engine/web_collab_prototype/smoke.py,true,10744,,b4ff4fdd2dc8cddf16a87c9de4aed5f956fa2cde21b77316995be92e595edf1f,2026-07-07T23:55:56,local source update,true,false,,ready,standard-first bid structure; readonly preview only; no approved output or bid mapping draft
BID_COLLAB_STANDARD_FIRST_STRUCTURE_1,bid_index.html,construction_cost_knowledge_engine/web_collab_prototype/templates/bid_index.html,true,8427,,e54c76f99a486c09d86b0bfb2ca74d7d5e3528d29102f79686d34cd7c99f1409,2026-07-07T23:52:28,local source update,true,false,,ready,standard-first bid structure; readonly preview only; no approved output or bid mapping draft
BID_COLLAB_STANDARD_FIRST_STRUCTURE_1,bid_app.js,construction_cost_knowledge_engine/web_collab_prototype/static/bid_app.js,true,22612,,362de692679c0fb8c1255a609d850dc5df8c6824fbc28ab68f64ead487905bad,2026-07-07T23:54:28,local source update,true,false,,ready,standard-first bid structure; readonly preview only; no approved output or bid mapping draft
BID_COLLAB_STANDARD_FIRST_STRUCTURE_1,bid_style.css,construction_cost_knowledge_engine/web_collab_prototype/static/bid_style.css,true,9894,,9173cb2ad47e0a3968821efda1dea8f494a1ed09393297d7ee1ea1f32ed6fa99,2026-07-07T23:54:50,local source update,true,false,,ready,standard-first bid structure; readonly preview only; no approved output or bid mapping draft
BID_COLLAB_STANDARD_FIRST_STRUCTURE_1,README.md,construction_cost_knowledge_engine/web_collab_prototype/README.md,true,6861,,e7d2f6c781c63a092026bf6d00706edba2d9e34852eedf3c3c5166791fda6069,2026-07-07T23:56:36,local documentation update,true,false,,ready,standard-first bid structure; readonly preview only; no approved output or bid mapping draft
BID_COLLAB_GLODON_STRUCTURE_REFINEMENT_1,bid_encoding_mojibake_audit.csv,construction_cost_knowledge_engine/data/private/reference_extraction/runs/BID_COLLAB_GLODON_STRUCTURE_REFINEMENT_1/bid_encoding_mojibake_audit.csv,true,2298,7,61973c6619e96adf61b91ef6147ee4c375cfe3ef3483f28d0324c2e9b7bf3a89,2026-07-08T16:43:20,stage artifacts + bid UI files,true,true,external_backup_required,ready,Glodon structure refinement artifact; readonly preview only; no approved output or bid mapping draft
BID_COLLAB_GLODON_STRUCTURE_REFINEMENT_1,bid_encoding_fix_result.csv,construction_cost_knowledge_engine/data/private/reference_extraction/runs/BID_COLLAB_GLODON_STRUCTURE_REFINEMENT_1/bid_encoding_fix_result.csv,true,1078,5,59049622926f858e520429b3a890d8157b1fae69b4a50f34004188c67d907489,2026-07-08T16:43:20,bid encoding audit + API smoke,true,true,external_backup_required,ready,Glodon structure refinement artifact; readonly preview only; no approved output or bid mapping draft
BID_COLLAB_GLODON_STRUCTURE_REFINEMENT_1,web_bid_bottom_tabs_model.csv,construction_cost_knowledge_engine/data/private/reference_extraction/runs/BID_COLLAB_GLODON_STRUCTURE_REFINEMENT_1/web_bid_bottom_tabs_model.csv,true,1347,6,c65be5e9a782789f426d65084a43a59eeb3e996eaef7a932b36d0daf59b84926,2026-07-08T16:43:20,Glodon-inspired structure model; no screenshot data copied,true,true,external_backup_required,ready,Glodon structure refinement artifact; readonly preview only; no approved output or bid mapping draft
BID_COLLAB_GLODON_STRUCTURE_REFINEMENT_1,web_bid_query_panel_model.csv,construction_cost_knowledge_engine/data/private/reference_extraction/runs/BID_COLLAB_GLODON_STRUCTURE_REFINEMENT_1/web_bid_query_panel_model.csv,true,748,5,ac8e7f02007ac64e1c7176f7c3b7dcb2af8cb46fcd7338297c13befb3c5314a0,2026-07-08T16:43:20,Glodon-inspired query panel model; no screenshot data copied,true,true,external_backup_required,ready,Glodon structure refinement artifact; readonly preview only; no approved output or bid mapping draft
BID_COLLAB_GLODON_STRUCTURE_REFINEMENT_1,bid_glodon_structure_alignment_check.csv,construction_cost_knowledge_engine/data/private/reference_extraction/runs/BID_COLLAB_GLODON_STRUCTURE_REFINEMENT_1/bid_glodon_structure_alignment_check.csv,true,2135,22,f0d7d48845395590f97f12b64b715b467fb4b354048b6ad663402af53828092e,2026-07-08T16:37:26,web_collab_prototype/smoke.py,true,true,external_backup_required,ready,Glodon structure refinement artifact; readonly preview only; no approved output or bid mapping draft
BID_COLLAB_GLODON_STRUCTURE_REFINEMENT_1,stage_bid_collab_glodon_structure_refinement_report.md,construction_cost_knowledge_engine/data/private/reference_extraction/runs/BID_COLLAB_GLODON_STRUCTURE_REFINEMENT_1/stage_bid_collab_glodon_structure_refinement_report.md,true,4105,,624ed85787e862429fdbed1ba6558cd0e8217779a9258992463e0ba4e698a254,2026-07-08T16:43:20,stage artifacts + smoke result,true,true,external_backup_required,ready,Glodon structure refinement artifact; readonly preview only; no approved output or bid mapping draft
BID_COLLAB_GLODON_STRUCTURE_REFINEMENT_1,app.py,construction_cost_knowledge_engine/web_collab_prototype/app.py,true,51745,,172eba8cb10869de3a4022b9561e15bade9822fff77392a5fb9120130c947779,2026-07-08T16:36:52,local source update,true,false,,ready,Glodon structure refinement artifact; readonly preview only; no approved output or bid mapping draft
BID_COLLAB_GLODON_STRUCTURE_REFINEMENT_1,smoke.py,construction_cost_knowledge_engine/web_collab_prototype/smoke.py,true,13621,,78000cac18b3c5b1a929ca422c2429d833fbc6f81f99a0c275a51919cabcc008,2026-07-08T16:33:28,local source update,true,false,,ready,Glodon structure refinement artifact; readonly preview only; no approved output or bid mapping draft
BID_COLLAB_GLODON_STRUCTURE_REFINEMENT_1,bid_index.html,construction_cost_knowledge_engine/web_collab_prototype/templates/bid_index.html,true,10337,,fa5945c48cdeafae84a49de4ab326e542b4730f2c1c89d707149624f70f547da,2026-07-08T16:27:30,local source update,true,false,,ready,Glodon structure refinement artifact; readonly preview only; no approved output or bid mapping draft
BID_COLLAB_GLODON_STRUCTURE_REFINEMENT_1,bid_app.js,construction_cost_knowledge_engine/web_collab_prototype/static/bid_app.js,true,29130,,3de437fea04cc7a79a073e8f6ed962f039204846d0fc1613333d9a22be3f4e74,2026-07-08T16:30:24,local source update,true,false,,ready,Glodon structure refinement artifact; readonly preview only; no approved output or bid mapping draft
BID_COLLAB_GLODON_STRUCTURE_REFINEMENT_1,bid_style.css,construction_cost_knowledge_engine/web_collab_prototype/static/bid_style.css,true,11960,,5994a66528037788ce38c619637be4e1b1b0e4ccab08320cbfe1b221293d22f0,2026-07-08T16:27:50,local source update,true,false,,ready,Glodon structure refinement artifact; readonly preview only; no approved output or bid mapping draft
BID_COLLAB_GLODON_STRUCTURE_REFINEMENT_1,README.md,construction_cost_knowledge_engine/web_collab_prototype/README.md,true,2406,,d7de341263458aa9013f08b7668accbc6547571718d0794198f57bd314226a59,2026-07-08T16:31:08,local source update,true,false,,ready,Glodon structure refinement artifact; readonly preview only; no approved output or bid mapping draft
REFERENCE_FAMILY_FRAMEWORK_LOCK_1,source_document_registry.csv,construction_cost_knowledge_engine/data/private/reference_extraction/runs/REFERENCE_FAMILY_FRAMEWORK_LOCK_1/source_document_registry.csv,true,26218,32,20a1155f17f2b8b2bc627ef72c0e48557e2a9fc76015101ba8b5c818917905e0,2026-07-11T20:29:56,source_standards registry scan + existing A1.1 runs + Web draft/audit read-only audit,true,false,,framework_locked,stage output; private artifacts remain under data/private where applicable; no Source/Baseline/Web mutation
REFERENCE_FAMILY_FRAMEWORK_LOCK_1,standard_family_registry.csv,construction_cost_knowledge_engine/data/private/reference_extraction/runs/REFERENCE_FAMILY_FRAMEWORK_LOCK_1/standard_family_registry.csv,true,3733,9,d2ef5297d4ce100b93ddda1d65529f2f4fee9cf1c7929aadc5ee1b9a42bdec68,2026-07-11T20:29:56,source_standards registry scan + existing A1.1 runs + Web draft/audit read-only audit,true,false,,framework_locked,stage output; private artifacts remain under data/private where applicable; no Source/Baseline/Web mutation
REFERENCE_FAMILY_FRAMEWORK_LOCK_1,source_family_routing_matrix.csv,construction_cost_knowledge_engine/data/private/reference_extraction/runs/REFERENCE_FAMILY_FRAMEWORK_LOCK_1/source_family_routing_matrix.csv,true,3953,5,2603152a6415cd341a6e590ae7080a62e2356638cee2b62d3fb50152c56c9753,2026-07-11T20:29:56,source_standards registry scan + existing A1.1 runs + Web draft/audit read-only audit,true,false,,framework_locked,stage output; private artifacts remain under data/private where applicable; no Source/Baseline/Web mutation
REFERENCE_FAMILY_FRAMEWORK_LOCK_1,reference_layer_contract.csv,construction_cost_knowledge_engine/data/private/reference_extraction/runs/REFERENCE_FAMILY_FRAMEWORK_LOCK_1/reference_layer_contract.csv,true,4298,6,f8fb87894861c3f94c98b5d8c1a317ced01143e7986ae33a9962073c62ce5857,2026-07-11T20:29:56,source_standards registry scan + existing A1.1 runs + Web draft/audit read-only audit,true,false,,framework_locked,stage output; private artifacts remain under data/private where applicable; no Source/Baseline/Web mutation
REFERENCE_FAMILY_FRAMEWORK_LOCK_1,reference_entity_dictionary.csv,construction_cost_knowledge_engine/data/private/reference_extraction/runs/REFERENCE_FAMILY_FRAMEWORK_LOCK_1/reference_entity_dictionary.csv,true,8614,21,a5be2bf0e13a109952c7352102f324c5119be93523d30ef8525aeea37070f143,2026-07-11T20:29:56,source_standards registry scan + existing A1.1 runs + Web draft/audit read-only audit,true,false,,framework_locked,stage output; private artifacts remain under data/private where applicable; no Source/Baseline/Web mutation
REFERENCE_FAMILY_FRAMEWORK_LOCK_1,golden_slice_A111_registry.csv,construction_cost_knowledge_engine/data/private/reference_extraction/runs/REFERENCE_FAMILY_FRAMEWORK_LOCK_1/golden_slice_A111_registry.csv,true,1799,1,0f6272013dfe345e2d2d20bd1167e1325a3c02cb15fdb510078187a0c9698d98,2026-07-11T20:29:56,source_standards registry scan + existing A1.1 runs + Web draft/audit read-only audit,true,false,,framework_locked,stage output; private artifacts remain under data/private where applicable; no Source/Baseline/Web mutation
REFERENCE_FAMILY_FRAMEWORK_LOCK_1,framework_validation_issues.csv,construction_cost_knowledge_engine/data/private/reference_extraction/runs/REFERENCE_FAMILY_FRAMEWORK_LOCK_1/framework_validation_issues.csv,true,4338,13,46d561e50753bb71ed35bc32da56b432a1be7f60173ca87bcee26071ad5d8245,2026-07-11T20:29:56,source_standards registry scan + existing A1.1 runs + Web draft/audit read-only audit,true,false,,framework_locked,stage output; private artifacts remain under data/private where applicable; no Source/Baseline/Web mutation
REFERENCE_FAMILY_FRAMEWORK_LOCK_1,Reference_Family_Framework_Review.xlsx,construction_cost_knowledge_engine/data/private/reference_extraction/runs/REFERENCE_FAMILY_FRAMEWORK_LOCK_1/Reference_Family_Framework_Review.xlsx,true,26916,,2a20147e047e28abca15ab111e224d9ff8fdb5aaf0cca6b3940e4857d6a4e447,2026-07-11T20:29:56,source_standards registry scan + existing A1.1 runs + Web draft/audit read-only audit,true,false,,framework_locked,stage output; private artifacts remain under data/private where applicable; no Source/Baseline/Web mutation
REFERENCE_FAMILY_FRAMEWORK_LOCK_1,stage_reference_family_framework_lock_report.md,construction_cost_knowledge_engine/data/private/reference_extraction/runs/REFERENCE_FAMILY_FRAMEWORK_LOCK_1/stage_reference_family_framework_lock_report.md,true,11197,,08edf3112450e5f9e0219effae5aa1c4df82980938472703d21e265d56bda28e,2026-07-11T20:29:56,source_standards registry scan + existing A1.1 runs + Web draft/audit read-only audit,true,false,,framework_locked,stage output; private artifacts remain under data/private where applicable; no Source/Baseline/Web mutation
REFERENCE_FAMILY_FRAMEWORK_LOCK_1,REFERENCE_FAMILY_ARCHITECTURE.md,construction_cost_knowledge_engine/docs/reference_extraction/REFERENCE_FAMILY_ARCHITECTURE.md,true,5923,,1bf54618f3fadc112cf180bde90b18b50e2f8a8abfb0a1e08a608b44fa0de25c,2026-07-11T20:29:56,source_standards registry scan + existing A1.1 runs + Web draft/audit read-only audit,true,false,,framework_locked,stage output; private artifacts remain under data/private where applicable; no Source/Baseline/Web mutation
REFERENCE_FAMILY_FRAMEWORK_LOCK_1,REFERENCE_ENTITY_DICTIONARY.md,construction_cost_knowledge_engine/docs/reference_extraction/REFERENCE_ENTITY_DICTIONARY.md,true,9579,,028ff0ba4e1e95a6f41c8a2e987ece628a4c478a337d893075dd172bb498be37,2026-07-11T20:29:56,source_standards registry scan + existing A1.1 runs + Web draft/audit read-only audit,true,false,,framework_locked,stage output; private artifacts remain under data/private where applicable; no Source/Baseline/Web mutation
REFERENCE_FAMILY_FRAMEWORK_LOCK_1,BUILDING_FAMILY_EXECUTION_PLAN.md,construction_cost_knowledge_engine/docs/reference_extraction/BUILDING_FAMILY_EXECUTION_PLAN.md,true,2240,,d807c65fdbc0d71df3e045ddb4851027ac4c1025a6b95ed4ccb891f30e6673c1,2026-07-11T20:29:56,source_standards registry scan + existing A1.1 runs + Web draft/audit read-only audit,true,false,,framework_locked,stage output; private artifacts remain under data/private where applicable; no Source/Baseline/Web mutation
